roll_no,cert1,proof1,cert2,proof2,cert3,proof3,cert4,proof4,cert5,proof5
CB.EN.U4CSE17401,CCDSAP,https://drive.google.com/file/d/1F8S8JJJP_xRiB51dNAtgStipnSynlitU/view?usp=sharing,CCNA,https://drive.google.com/file/d/1pC0YEw2h9yqSEblEHn9DY8f9ZxfAIMZe/view?usp=sharing,CCNP,https://drive.google.com/file/d/1KRVWvoC0hEH5lvR8WSjsLObxjdeqoymd/view?usp=sharing,PCNSE,https://drive.google.com/file/d/1j2-bPEEXHTpp2XCePdN10uhl-hbI5vdD/view?usp=sharing,F5 LTM,https://drive.google.com/file/d/1_uU-ukXnwnEZjnMDe8zc_BxWi2YAE15i/view?usp=sharing
CB.EN.U4CSE17402,CCDSAP,https://drive.google.com/file/d/1F8S8JJJP_xRiB51dNAtgStipnSynlitU/view?usp=sharing,CCNA,https://drive.google.com/file/d/1pC0YEw2h9yqSEblEHn9DY8f9ZxfAIMZe/view?usp=sharing,CCNP,https://drive.google.com/file/d/1KRVWvoC0hEH5lvR8WSjsLObxjdeqoymd/view?usp=sharing,PCNSE,https://drive.google.com/file/d/1j2-bPEEXHTpp2XCePdN10uhl-hbI5vdD/view?usp=sharing,F5 LTM,https://drive.google.com/file/d/1_uU-ukXnwnEZjnMDe8zc_BxWi2YAE15i/view?usp=sharing
CB.EN.U4CSE17403,CCDSAP,https://drive.google.com/file/d/1F8S8JJJP_xRiB51dNAtgStipnSynlitU/view?usp=sharing,CCNA,https://drive.google.com/file/d/1pC0YEw2h9yqSEblEHn9DY8f9ZxfAIMZe/view?usp=sharing,CCNP,https://drive.google.com/file/d/1KRVWvoC0hEH5lvR8WSjsLObxjdeqoymd/view?usp=sharing,PCNSE,https://drive.google.com/file/d/1j2-bPEEXHTpp2XCePdN10uhl-hbI5vdD/view?usp=sharing,F5 LTM,https://drive.google.com/file/d/1_uU-ukXnwnEZjnMDe8zc_BxWi2YAE15i/view?usp=sharing
CB.EN.U4CSE17404,CCDSAP,https://drive.google.com/file/d/1F8S8JJJP_xRiB51dNAtgStipnSynlitU/view?usp=sharing,CCNA,https://drive.google.com/file/d/1pC0YEw2h9yqSEblEHn9DY8f9ZxfAIMZe/view?usp=sharing,CCNP,https://drive.google.com/file/d/1KRVWvoC0hEH5lvR8WSjsLObxjdeqoymd/view?usp=sharing,PCNSE,https://drive.google.com/file/d/1j2-bPEEXHTpp2XCePdN10uhl-hbI5vdD/view?usp=sharing,F5 LTM,https://drive.google.com/file/d/1_uU-ukXnwnEZjnMDe8zc_BxWi2YAE15i/view?usp=sharing
CB.EN.U4CSE17405,CCDSAP,https://drive.google.com/file/d/1F8S8JJJP_xRiB51dNAtgStipnSynlitU/view?usp=sharing,CCNA,https://drive.google.com/file/d/1pC0YEw2h9yqSEblEHn9DY8f9ZxfAIMZe/view?usp=sharing,CCNP,https://drive.google.com/file/d/1KRVWvoC0hEH5lvR8WSjsLObxjdeqoymd/view?usp=sharing,PCNSE,https://drive.google.com/file/d/1j2-bPEEXHTpp2XCePdN10uhl-hbI5vdD/view?usp=sharing,F5 LTM,https://drive.google.com/file/d/1_uU-ukXnwnEZjnMDe8zc_BxWi2YAE15i/view?usp=sharing
CB.EN.U4CSE17406,CCDSAP,https://drive.google.com/file/d/1F8S8JJJP_xRiB51dNAtgStipnSynlitU/view?usp=sharing,CCNA,https://drive.google.com/file/d/1pC0YEw2h9yqSEblEHn9DY8f9ZxfAIMZe/view?usp=sharing,CCNP,https://drive.google.com/file/d/1KRVWvoC0hEH5lvR8WSjsLObxjdeqoymd/view?usp=sharing,PCNSE,https://drive.google.com/file/d/1j2-bPEEXHTpp2XCePdN10uhl-hbI5vdD/view?usp=sharing,F5 LTM,https://drive.google.com/file/d/1_uU-ukXnwnEZjnMDe8zc_BxWi2YAE15i/view?usp=sharing
CB.EN.U4CSE17407,CCDSAP,https://drive.google.com/file/d/1F8S8JJJP_xRiB51dNAtgStipnSynlitU/view?usp=sharing,CCNA,https://drive.google.com/file/d/1pC0YEw2h9yqSEblEHn9DY8f9ZxfAIMZe/view?usp=sharing,CCNP,https://drive.google.com/file/d/1KRVWvoC0hEH5lvR8WSjsLObxjdeqoymd/view?usp=sharing,PCNSE,https://drive.google.com/file/d/1j2-bPEEXHTpp2XCePdN10uhl-hbI5vdD/view?usp=sharing,F5 LTM,https://drive.google.com/file/d/1_uU-ukXnwnEZjnMDe8zc_BxWi2YAE15i/view?usp=sharing
CB.EN.U4CSE17408,CCDSAP,https://drive.google.com/file/d/1F8S8JJJP_xRiB51dNAtgStipnSynlitU/view?usp=sharing,CCNA,https://drive.google.com/file/d/1pC0YEw2h9yqSEblEHn9DY8f9ZxfAIMZe/view?usp=sharing,CCNP,https://drive.google.com/file/d/1KRVWvoC0hEH5lvR8WSjsLObxjdeqoymd/view?usp=sharing,PCNSE,https://drive.google.com/file/d/1j2-bPEEXHTpp2XCePdN10uhl-hbI5vdD/view?usp=sharing,F5 LTM,https://drive.google.com/file/d/1_uU-ukXnwnEZjnMDe8zc_BxWi2YAE15i/view?usp=sharing
CB.EN.U4CSE17409,CCDSAP,https://drive.google.com/file/d/1F8S8JJJP_xRiB51dNAtgStipnSynlitU/view?usp=sharing,CCNA,https://drive.google.com/file/d/1pC0YEw2h9yqSEblEHn9DY8f9ZxfAIMZe/view?usp=sharing,CCNP,https://drive.google.com/file/d/1KRVWvoC0hEH5lvR8WSjsLObxjdeqoymd/view?usp=sharing,PCNSE,https://drive.google.com/file/d/1j2-bPEEXHTpp2XCePdN10uhl-hbI5vdD/view?usp=sharing,F5 LTM,https://drive.google.com/file/d/1_uU-ukXnwnEZjnMDe8zc_BxWi2YAE15i/view?usp=sharing
CB.EN.U4CSE17410,CCDSAP,https://drive.google.com/file/d/1F8S8JJJP_xRiB51dNAtgStipnSynlitU/view?usp=sharing,CCNA,https://drive.google.com/file/d/1pC0YEw2h9yqSEblEHn9DY8f9ZxfAIMZe/view?usp=sharing,CCNP,https://drive.google.com/file/d/1KRVWvoC0hEH5lvR8WSjsLObxjdeqoymd/view?usp=sharing,PCNSE,https://drive.google.com/file/d/1j2-bPEEXHTpp2XCePdN10uhl-hbI5vdD/view?usp=sharing,F5 LTM,https://drive.google.com/file/d/1_uU-ukXnwnEZjnMDe8zc_BxWi2YAE15i/view?usp=sharing
CB.EN.U4CSE17411,CCDSAP,https://drive.google.com/file/d/1F8S8JJJP_xRiB51dNAtgStipnSynlitU/view?usp=sharing,CCNA,https://drive.google.com/file/d/1pC0YEw2h9yqSEblEHn9DY8f9ZxfAIMZe/view?usp=sharing,CCNP,https://drive.google.com/file/d/1KRVWvoC0hEH5lvR8WSjsLObxjdeqoymd/view?usp=sharing,PCNSE,https://drive.google.com/file/d/1j2-bPEEXHTpp2XCePdN10uhl-hbI5vdD/view?usp=sharing,F5 LTM,https://drive.google.com/file/d/1_uU-ukXnwnEZjnMDe8zc_BxWi2YAE15i/view?usp=sharing
CB.EN.U4CSE17412,CCDSAP,https://drive.google.com/file/d/1F8S8JJJP_xRiB51dNAtgStipnSynlitU/view?usp=sharing,CCNA,https://drive.google.com/file/d/1pC0YEw2h9yqSEblEHn9DY8f9ZxfAIMZe/view?usp=sharing,CCNP,https://drive.google.com/file/d/1KRVWvoC0hEH5lvR8WSjsLObxjdeqoymd/view?usp=sharing,PCNSE,https://drive.google.com/file/d/1j2-bPEEXHTpp2XCePdN10uhl-hbI5vdD/view?usp=sharing,F5 LTM,https://drive.google.com/file/d/1_uU-ukXnwnEZjnMDe8zc_BxWi2YAE15i/view?usp=sharing
CB.EN.U4CSE17413,CCDSAP,https://drive.google.com/file/d/1F8S8JJJP_xRiB51dNAtgStipnSynlitU/view?usp=sharing,CCNA,https://drive.google.com/file/d/1pC0YEw2h9yqSEblEHn9DY8f9ZxfAIMZe/view?usp=sharing,CCNP,https://drive.google.com/file/d/1KRVWvoC0hEH5lvR8WSjsLObxjdeqoymd/view?usp=sharing,PCNSE,https://drive.google.com/file/d/1j2-bPEEXHTpp2XCePdN10uhl-hbI5vdD/view?usp=sharing,F5 LTM,https://drive.google.com/file/d/1_uU-ukXnwnEZjnMDe8zc_BxWi2YAE15i/view?usp=sharing
CB.EN.U4CSE17414,CCDSAP,https://drive.google.com/file/d/1F8S8JJJP_xRiB51dNAtgStipnSynlitU/view?usp=sharing,CCNA,https://drive.google.com/file/d/1pC0YEw2h9yqSEblEHn9DY8f9ZxfAIMZe/view?usp=sharing,CCNP,https://drive.google.com/file/d/1KRVWvoC0hEH5lvR8WSjsLObxjdeqoymd/view?usp=sharing,PCNSE,https://drive.google.com/file/d/1j2-bPEEXHTpp2XCePdN10uhl-hbI5vdD/view?usp=sharing,F5 LTM,https://drive.google.com/file/d/1_uU-ukXnwnEZjnMDe8zc_BxWi2YAE15i/view?usp=sharing
CB.EN.U4CSE17415,CCDSAP,https://drive.google.com/file/d/1F8S8JJJP_xRiB51dNAtgStipnSynlitU/view?usp=sharing,CCNA,https://drive.google.com/file/d/1pC0YEw2h9yqSEblEHn9DY8f9ZxfAIMZe/view?usp=sharing,CCNP,https://drive.google.com/file/d/1KRVWvoC0hEH5lvR8WSjsLObxjdeqoymd/view?usp=sharing,PCNSE,https://drive.google.com/file/d/1j2-bPEEXHTpp2XCePdN10uhl-hbI5vdD/view?usp=sharing,F5 LTM,https://drive.google.com/file/d/1_uU-ukXnwnEZjnMDe8zc_BxWi2YAE15i/view?usp=sharing
CB.EN.U4CSE17416,CCDSAP,https://drive.google.com/file/d/1F8S8JJJP_xRiB51dNAtgStipnSynlitU/view?usp=sharing,CCNA,https://drive.google.com/file/d/1pC0YEw2h9yqSEblEHn9DY8f9ZxfAIMZe/view?usp=sharing,CCNP,https://drive.google.com/file/d/1KRVWvoC0hEH5lvR8WSjsLObxjdeqoymd/view?usp=sharing,PCNSE,https://drive.google.com/file/d/1j2-bPEEXHTpp2XCePdN10uhl-hbI5vdD/view?usp=sharing,F5 LTM,https://drive.google.com/file/d/1_uU-ukXnwnEZjnMDe8zc_BxWi2YAE15i/view?usp=sharing
CB.EN.U4CSE17417,CCDSAP,https://drive.google.com/file/d/1F8S8JJJP_xRiB51dNAtgStipnSynlitU/view?usp=sharing,CCNA,https://drive.google.com/file/d/1pC0YEw2h9yqSEblEHn9DY8f9ZxfAIMZe/view?usp=sharing,CCNP,https://drive.google.com/file/d/1KRVWvoC0hEH5lvR8WSjsLObxjdeqoymd/view?usp=sharing,PCNSE,https://drive.google.com/file/d/1j2-bPEEXHTpp2XCePdN10uhl-hbI5vdD/view?usp=sharing,F5 LTM,https://drive.google.com/file/d/1_uU-ukXnwnEZjnMDe8zc_BxWi2YAE15i/view?usp=sharing
CB.EN.U4CSE17418,CCDSAP,https://drive.google.com/file/d/1F8S8JJJP_xRiB51dNAtgStipnSynlitU/view?usp=sharing,CCNA,https://drive.google.com/file/d/1pC0YEw2h9yqSEblEHn9DY8f9ZxfAIMZe/view?usp=sharing,CCNP,https://drive.google.com/file/d/1KRVWvoC0hEH5lvR8WSjsLObxjdeqoymd/view?usp=sharing,PCNSE,https://drive.google.com/file/d/1j2-bPEEXHTpp2XCePdN10uhl-hbI5vdD/view?usp=sharing,F5 LTM,https://drive.google.com/file/d/1_uU-ukXnwnEZjnMDe8zc_BxWi2YAE15i/view?usp=sharing
CB.EN.U4CSE17419,CCDSAP,https://drive.google.com/file/d/1F8S8JJJP_xRiB51dNAtgStipnSynlitU/view?usp=sharing,CCNA,https://drive.google.com/file/d/1pC0YEw2h9yqSEblEHn9DY8f9ZxfAIMZe/view?usp=sharing,CCNP,https://drive.google.com/file/d/1KRVWvoC0hEH5lvR8WSjsLObxjdeqoymd/view?usp=sharing,PCNSE,https://drive.google.com/file/d/1j2-bPEEXHTpp2XCePdN10uhl-hbI5vdD/view?usp=sharing,F5 LTM,https://drive.google.com/file/d/1_uU-ukXnwnEZjnMDe8zc_BxWi2YAE15i/view?usp=sharing
CB.EN.U4CSE17420,CCDSAP,https://drive.google.com/file/d/1F8S8JJJP_xRiB51dNAtgStipnSynlitU/view?usp=sharing,CCNA,https://drive.google.com/file/d/1pC0YEw2h9yqSEblEHn9DY8f9ZxfAIMZe/view?usp=sharing,CCNP,https://drive.google.com/file/d/1KRVWvoC0hEH5lvR8WSjsLObxjdeqoymd/view?usp=sharing,PCNSE,https://drive.google.com/file/d/1j2-bPEEXHTpp2XCePdN10uhl-hbI5vdD/view?usp=sharing,F5 LTM,https://drive.google.com/file/d/1_uU-ukXnwnEZjnMDe8zc_BxWi2YAE15i/view?usp=sharing
CB.EN.U4CSE17421,CCDSAP,https://drive.google.com/file/d/1F8S8JJJP_xRiB51dNAtgStipnSynlitU/view?usp=sharing,CCNA,https://drive.google.com/file/d/1pC0YEw2h9yqSEblEHn9DY8f9ZxfAIMZe/view?usp=sharing,CCNP,https://drive.google.com/file/d/1KRVWvoC0hEH5lvR8WSjsLObxjdeqoymd/view?usp=sharing,PCNSE,https://drive.google.com/file/d/1j2-bPEEXHTpp2XCePdN10uhl-hbI5vdD/view?usp=sharing,F5 LTM,https://drive.google.com/file/d/1_uU-ukXnwnEZjnMDe8zc_BxWi2YAE15i/view?usp=sharing
CB.EN.U4CSE17422,CCDSAP,https://drive.google.com/file/d/1F8S8JJJP_xRiB51dNAtgStipnSynlitU/view?usp=sharing,CCNA,https://drive.google.com/file/d/1pC0YEw2h9yqSEblEHn9DY8f9ZxfAIMZe/view?usp=sharing,CCNP,https://drive.google.com/file/d/1KRVWvoC0hEH5lvR8WSjsLObxjdeqoymd/view?usp=sharing,PCNSE,https://drive.google.com/file/d/1j2-bPEEXHTpp2XCePdN10uhl-hbI5vdD/view?usp=sharing,F5 LTM,https://drive.google.com/file/d/1_uU-ukXnwnEZjnMDe8zc_BxWi2YAE15i/view?usp=sharing
CB.EN.U4CSE17423,CCDSAP,https://drive.google.com/file/d/1F8S8JJJP_xRiB51dNAtgStipnSynlitU/view?usp=sharing,CCNA,https://drive.google.com/file/d/1pC0YEw2h9yqSEblEHn9DY8f9ZxfAIMZe/view?usp=sharing,CCNP,https://drive.google.com/file/d/1KRVWvoC0hEH5lvR8WSjsLObxjdeqoymd/view?usp=sharing,PCNSE,https://drive.google.com/file/d/1j2-bPEEXHTpp2XCePdN10uhl-hbI5vdD/view?usp=sharing,F5 LTM,https://drive.google.com/file/d/1_uU-ukXnwnEZjnMDe8zc_BxWi2YAE15i/view?usp=sharing
CB.EN.U4CSE17424,CCDSAP,https://drive.google.com/file/d/1F8S8JJJP_xRiB51dNAtgStipnSynlitU/view?usp=sharing,CCNA,https://drive.google.com/file/d/1pC0YEw2h9yqSEblEHn9DY8f9ZxfAIMZe/view?usp=sharing,CCNP,https://drive.google.com/file/d/1KRVWvoC0hEH5lvR8WSjsLObxjdeqoymd/view?usp=sharing,PCNSE,https://drive.google.com/file/d/1j2-bPEEXHTpp2XCePdN10uhl-hbI5vdD/view?usp=sharing,F5 LTM,https://drive.google.com/file/d/1_uU-ukXnwnEZjnMDe8zc_BxWi2YAE15i/view?usp=sharing
CB.EN.U4CSE17425,CCDSAP,https://drive.google.com/file/d/1F8S8JJJP_xRiB51dNAtgStipnSynlitU/view?usp=sharing,CCNA,https://drive.google.com/file/d/1pC0YEw2h9yqSEblEHn9DY8f9ZxfAIMZe/view?usp=sharing,CCNP,https://drive.google.com/file/d/1KRVWvoC0hEH5lvR8WSjsLObxjdeqoymd/view?usp=sharing,PCNSE,https://drive.google.com/file/d/1j2-bPEEXHTpp2XCePdN10uhl-hbI5vdD/view?usp=sharing,F5 LTM,https://drive.google.com/file/d/1_uU-ukXnwnEZjnMDe8zc_BxWi2YAE15i/view?usp=sharing
CB.EN.U4CSE17426,CCDSAP,https://drive.google.com/file/d/1F8S8JJJP_xRiB51dNAtgStipnSynlitU/view?usp=sharing,CCNA,https://drive.google.com/file/d/1pC0YEw2h9yqSEblEHn9DY8f9ZxfAIMZe/view?usp=sharing,CCNP,https://drive.google.com/file/d/1KRVWvoC0hEH5lvR8WSjsLObxjdeqoymd/view?usp=sharing,PCNSE,https://drive.google.com/file/d/1j2-bPEEXHTpp2XCePdN10uhl-hbI5vdD/view?usp=sharing,F5 LTM,https://drive.google.com/file/d/1_uU-ukXnwnEZjnMDe8zc_BxWi2YAE15i/view?usp=sharing
CB.EN.U4CSE17427,CCDSAP,https://drive.google.com/file/d/1F8S8JJJP_xRiB51dNAtgStipnSynlitU/view?usp=sharing,CCNA,https://drive.google.com/file/d/1pC0YEw2h9yqSEblEHn9DY8f9ZxfAIMZe/view?usp=sharing,CCNP,https://drive.google.com/file/d/1KRVWvoC0hEH5lvR8WSjsLObxjdeqoymd/view?usp=sharing,PCNSE,https://drive.google.com/file/d/1j2-bPEEXHTpp2XCePdN10uhl-hbI5vdD/view?usp=sharing,F5 LTM,https://drive.google.com/file/d/1_uU-ukXnwnEZjnMDe8zc_BxWi2YAE15i/view?usp=sharing
CB.EN.U4CSE17428,CCDSAP,https://drive.google.com/file/d/1F8S8JJJP_xRiB51dNAtgStipnSynlitU/view?usp=sharing,CCNA,https://drive.google.com/file/d/1pC0YEw2h9yqSEblEHn9DY8f9ZxfAIMZe/view?usp=sharing,CCNP,https://drive.google.com/file/d/1KRVWvoC0hEH5lvR8WSjsLObxjdeqoymd/view?usp=sharing,PCNSE,https://drive.google.com/file/d/1j2-bPEEXHTpp2XCePdN10uhl-hbI5vdD/view?usp=sharing,F5 LTM,https://drive.google.com/file/d/1_uU-ukXnwnEZjnMDe8zc_BxWi2YAE15i/view?usp=sharing
CB.EN.U4CSE17429,CCDSAP,https://drive.google.com/file/d/1F8S8JJJP_xRiB51dNAtgStipnSynlitU/view?usp=sharing,CCNA,https://drive.google.com/file/d/1pC0YEw2h9yqSEblEHn9DY8f9ZxfAIMZe/view?usp=sharing,CCNP,https://drive.google.com/file/d/1KRVWvoC0hEH5lvR8WSjsLObxjdeqoymd/view?usp=sharing,PCNSE,https://drive.google.com/file/d/1j2-bPEEXHTpp2XCePdN10uhl-hbI5vdD/view?usp=sharing,F5 LTM,https://drive.google.com/file/d/1_uU-ukXnwnEZjnMDe8zc_BxWi2YAE15i/view?usp=sharing
CB.EN.U4CSE17430,CCDSAP,https://drive.google.com/file/d/1F8S8JJJP_xRiB51dNAtgStipnSynlitU/view?usp=sharing,CCNA,https://drive.google.com/file/d/1pC0YEw2h9yqSEblEHn9DY8f9ZxfAIMZe/view?usp=sharing,CCNP,https://drive.google.com/file/d/1KRVWvoC0hEH5lvR8WSjsLObxjdeqoymd/view?usp=sharing,PCNSE,https://drive.google.com/file/d/1j2-bPEEXHTpp2XCePdN10uhl-hbI5vdD/view?usp=sharing,F5 LTM,https://drive.google.com/file/d/1_uU-ukXnwnEZjnMDe8zc_BxWi2YAE15i/view?usp=sharing
CB.EN.U4CSE17431,CCDSAP,https://drive.google.com/file/d/1F8S8JJJP_xRiB51dNAtgStipnSynlitU/view?usp=sharing,CCNA,https://drive.google.com/file/d/1pC0YEw2h9yqSEblEHn9DY8f9ZxfAIMZe/view?usp=sharing,CCNP,https://drive.google.com/file/d/1KRVWvoC0hEH5lvR8WSjsLObxjdeqoymd/view?usp=sharing,PCNSE,https://drive.google.com/file/d/1j2-bPEEXHTpp2XCePdN10uhl-hbI5vdD/view?usp=sharing,F5 LTM,https://drive.google.com/file/d/1_uU-ukXnwnEZjnMDe8zc_BxWi2YAE15i/view?usp=sharing
CB.EN.U4CSE17432,CCDSAP,https://drive.google.com/file/d/1F8S8JJJP_xRiB51dNAtgStipnSynlitU/view?usp=sharing,CCNA,https://drive.google.com/file/d/1pC0YEw2h9yqSEblEHn9DY8f9ZxfAIMZe/view?usp=sharing,CCNP,https://drive.google.com/file/d/1KRVWvoC0hEH5lvR8WSjsLObxjdeqoymd/view?usp=sharing,PCNSE,https://drive.google.com/file/d/1j2-bPEEXHTpp2XCePdN10uhl-hbI5vdD/view?usp=sharing,F5 LTM,https://drive.google.com/file/d/1_uU-ukXnwnEZjnMDe8zc_BxWi2YAE15i/view?usp=sharing
CB.EN.U4CSE17433,CCDSAP,https://drive.google.com/file/d/1F8S8JJJP_xRiB51dNAtgStipnSynlitU/view?usp=sharing,CCNA,https://drive.google.com/file/d/1pC0YEw2h9yqSEblEHn9DY8f9ZxfAIMZe/view?usp=sharing,CCNP,https://drive.google.com/file/d/1KRVWvoC0hEH5lvR8WSjsLObxjdeqoymd/view?usp=sharing,PCNSE,https://drive.google.com/file/d/1j2-bPEEXHTpp2XCePdN10uhl-hbI5vdD/view?usp=sharing,F5 LTM,https://drive.google.com/file/d/1_uU-ukXnwnEZjnMDe8zc_BxWi2YAE15i/view?usp=sharing
CB.EN.U4CSE17434,CCDSAP,https://drive.google.com/file/d/1F8S8JJJP_xRiB51dNAtgStipnSynlitU/view?usp=sharing,CCNA,https://drive.google.com/file/d/1pC0YEw2h9yqSEblEHn9DY8f9ZxfAIMZe/view?usp=sharing,CCNP,https://drive.google.com/file/d/1KRVWvoC0hEH5lvR8WSjsLObxjdeqoymd/view?usp=sharing,PCNSE,https://drive.google.com/file/d/1j2-bPEEXHTpp2XCePdN10uhl-hbI5vdD/view?usp=sharing,F5 LTM,https://drive.google.com/file/d/1_uU-ukXnwnEZjnMDe8zc_BxWi2YAE15i/view?usp=sharing
CB.EN.U4CSE17435,CCDSAP,https://drive.google.com/file/d/1F8S8JJJP_xRiB51dNAtgStipnSynlitU/view?usp=sharing,CCNA,https://drive.google.com/file/d/1pC0YEw2h9yqSEblEHn9DY8f9ZxfAIMZe/view?usp=sharing,CCNP,https://drive.google.com/file/d/1KRVWvoC0hEH5lvR8WSjsLObxjdeqoymd/view?usp=sharing,PCNSE,https://drive.google.com/file/d/1j2-bPEEXHTpp2XCePdN10uhl-hbI5vdD/view?usp=sharing,F5 LTM,https://drive.google.com/file/d/1_uU-ukXnwnEZjnMDe8zc_BxWi2YAE15i/view?usp=sharing
CB.EN.U4CSE17436,CCDSAP,https://drive.google.com/file/d/1F8S8JJJP_xRiB51dNAtgStipnSynlitU/view?usp=sharing,CCNA,https://drive.google.com/file/d/1pC0YEw2h9yqSEblEHn9DY8f9ZxfAIMZe/view?usp=sharing,CCNP,https://drive.google.com/file/d/1KRVWvoC0hEH5lvR8WSjsLObxjdeqoymd/view?usp=sharing,PCNSE,https://drive.google.com/file/d/1j2-bPEEXHTpp2XCePdN10uhl-hbI5vdD/view?usp=sharing,F5 LTM,https://drive.google.com/file/d/1_uU-ukXnwnEZjnMDe8zc_BxWi2YAE15i/view?usp=sharing
CB.EN.U4CSE17437,CCDSAP,https://drive.google.com/file/d/1F8S8JJJP_xRiB51dNAtgStipnSynlitU/view?usp=sharing,CCNA,https://drive.google.com/file/d/1pC0YEw2h9yqSEblEHn9DY8f9ZxfAIMZe/view?usp=sharing,CCNP,https://drive.google.com/file/d/1KRVWvoC0hEH5lvR8WSjsLObxjdeqoymd/view?usp=sharing,PCNSE,https://drive.google.com/file/d/1j2-bPEEXHTpp2XCePdN10uhl-hbI5vdD/view?usp=sharing,F5 LTM,https://drive.google.com/file/d/1_uU-ukXnwnEZjnMDe8zc_BxWi2YAE15i/view?usp=sharing
CB.EN.U4CSE17438,CCDSAP,https://drive.google.com/file/d/1F8S8JJJP_xRiB51dNAtgStipnSynlitU/view?usp=sharing,CCNA,https://drive.google.com/file/d/1pC0YEw2h9yqSEblEHn9DY8f9ZxfAIMZe/view?usp=sharing,CCNP,https://drive.google.com/file/d/1KRVWvoC0hEH5lvR8WSjsLObxjdeqoymd/view?usp=sharing,PCNSE,https://drive.google.com/file/d/1j2-bPEEXHTpp2XCePdN10uhl-hbI5vdD/view?usp=sharing,F5 LTM,https://drive.google.com/file/d/1_uU-ukXnwnEZjnMDe8zc_BxWi2YAE15i/view?usp=sharing
CB.EN.U4CSE17439,CCDSAP,https://drive.google.com/file/d/1F8S8JJJP_xRiB51dNAtgStipnSynlitU/view?usp=sharing,CCNA,https://drive.google.com/file/d/1pC0YEw2h9yqSEblEHn9DY8f9ZxfAIMZe/view?usp=sharing,CCNP,https://drive.google.com/file/d/1KRVWvoC0hEH5lvR8WSjsLObxjdeqoymd/view?usp=sharing,PCNSE,https://drive.google.com/file/d/1j2-bPEEXHTpp2XCePdN10uhl-hbI5vdD/view?usp=sharing,F5 LTM,https://drive.google.com/file/d/1_uU-ukXnwnEZjnMDe8zc_BxWi2YAE15i/view?usp=sharing
CB.EN.U4CSE17440,CCDSAP,https://drive.google.com/file/d/1F8S8JJJP_xRiB51dNAtgStipnSynlitU/view?usp=sharing,CCNA,https://drive.google.com/file/d/1pC0YEw2h9yqSEblEHn9DY8f9ZxfAIMZe/view?usp=sharing,CCNP,https://drive.google.com/file/d/1KRVWvoC0hEH5lvR8WSjsLObxjdeqoymd/view?usp=sharing,PCNSE,https://drive.google.com/file/d/1j2-bPEEXHTpp2XCePdN10uhl-hbI5vdD/view?usp=sharing,F5 LTM,https://drive.google.com/file/d/1_uU-ukXnwnEZjnMDe8zc_BxWi2YAE15i/view?usp=sharing
CB.EN.U4CSE17441,CCDSAP,https://drive.google.com/file/d/1F8S8JJJP_xRiB51dNAtgStipnSynlitU/view?usp=sharing,CCNA,https://drive.google.com/file/d/1pC0YEw2h9yqSEblEHn9DY8f9ZxfAIMZe/view?usp=sharing,CCNP,https://drive.google.com/file/d/1KRVWvoC0hEH5lvR8WSjsLObxjdeqoymd/view?usp=sharing,PCNSE,https://drive.google.com/file/d/1j2-bPEEXHTpp2XCePdN10uhl-hbI5vdD/view?usp=sharing,F5 LTM,https://drive.google.com/file/d/1_uU-ukXnwnEZjnMDe8zc_BxWi2YAE15i/view?usp=sharing
CB.EN.U4CSE17442,CCDSAP,https://drive.google.com/file/d/1F8S8JJJP_xRiB51dNAtgStipnSynlitU/view?usp=sharing,CCNA,https://drive.google.com/file/d/1pC0YEw2h9yqSEblEHn9DY8f9ZxfAIMZe/view?usp=sharing,CCNP,https://drive.google.com/file/d/1KRVWvoC0hEH5lvR8WSjsLObxjdeqoymd/view?usp=sharing,PCNSE,https://drive.google.com/file/d/1j2-bPEEXHTpp2XCePdN10uhl-hbI5vdD/view?usp=sharing,F5 LTM,https://drive.google.com/file/d/1_uU-ukXnwnEZjnMDe8zc_BxWi2YAE15i/view?usp=sharing
CB.EN.U4CSE17443,CCDSAP,https://drive.google.com/file/d/1F8S8JJJP_xRiB51dNAtgStipnSynlitU/view?usp=sharing,CCNA,https://drive.google.com/file/d/1pC0YEw2h9yqSEblEHn9DY8f9ZxfAIMZe/view?usp=sharing,CCNP,https://drive.google.com/file/d/1KRVWvoC0hEH5lvR8WSjsLObxjdeqoymd/view?usp=sharing,PCNSE,https://drive.google.com/file/d/1j2-bPEEXHTpp2XCePdN10uhl-hbI5vdD/view?usp=sharing,F5 LTM,https://drive.google.com/file/d/1_uU-ukXnwnEZjnMDe8zc_BxWi2YAE15i/view?usp=sharing
CB.EN.U4CSE17444,CCDSAP,https://drive.google.com/file/d/1F8S8JJJP_xRiB51dNAtgStipnSynlitU/view?usp=sharing,CCNA,https://drive.google.com/file/d/1pC0YEw2h9yqSEblEHn9DY8f9ZxfAIMZe/view?usp=sharing,CCNP,https://drive.google.com/file/d/1KRVWvoC0hEH5lvR8WSjsLObxjdeqoymd/view?usp=sharing,PCNSE,https://drive.google.com/file/d/1j2-bPEEXHTpp2XCePdN10uhl-hbI5vdD/view?usp=sharing,F5 LTM,https://drive.google.com/file/d/1_uU-ukXnwnEZjnMDe8zc_BxWi2YAE15i/view?usp=sharing
CB.EN.U4CSE17445,CCDSAP,https://drive.google.com/file/d/1F8S8JJJP_xRiB51dNAtgStipnSynlitU/view?usp=sharing,CCNA,https://drive.google.com/file/d/1pC0YEw2h9yqSEblEHn9DY8f9ZxfAIMZe/view?usp=sharing,CCNP,https://drive.google.com/file/d/1KRVWvoC0hEH5lvR8WSjsLObxjdeqoymd/view?usp=sharing,PCNSE,https://drive.google.com/file/d/1j2-bPEEXHTpp2XCePdN10uhl-hbI5vdD/view?usp=sharing,F5 LTM,https://drive.google.com/file/d/1_uU-ukXnwnEZjnMDe8zc_BxWi2YAE15i/view?usp=sharing
CB.EN.U4CSE17446,CCDSAP,https://drive.google.com/file/d/1F8S8JJJP_xRiB51dNAtgStipnSynlitU/view?usp=sharing,CCNA,https://drive.google.com/file/d/1pC0YEw2h9yqSEblEHn9DY8f9ZxfAIMZe/view?usp=sharing,CCNP,https://drive.google.com/file/d/1KRVWvoC0hEH5lvR8WSjsLObxjdeqoymd/view?usp=sharing,PCNSE,https://drive.google.com/file/d/1j2-bPEEXHTpp2XCePdN10uhl-hbI5vdD/view?usp=sharing,F5 LTM,https://drive.google.com/file/d/1_uU-ukXnwnEZjnMDe8zc_BxWi2YAE15i/view?usp=sharing
CB.EN.U4CSE17447,CCDSAP,https://drive.google.com/file/d/1F8S8JJJP_xRiB51dNAtgStipnSynlitU/view?usp=sharing,CCNA,https://drive.google.com/file/d/1pC0YEw2h9yqSEblEHn9DY8f9ZxfAIMZe/view?usp=sharing,CCNP,https://drive.google.com/file/d/1KRVWvoC0hEH5lvR8WSjsLObxjdeqoymd/view?usp=sharing,PCNSE,https://drive.google.com/file/d/1j2-bPEEXHTpp2XCePdN10uhl-hbI5vdD/view?usp=sharing,F5 LTM,https://drive.google.com/file/d/1_uU-ukXnwnEZjnMDe8zc_BxWi2YAE15i/view?usp=sharing
CB.EN.U4CSE17448,CCDSAP,https://drive.google.com/file/d/1F8S8JJJP_xRiB51dNAtgStipnSynlitU/view?usp=sharing,CCNA,https://drive.google.com/file/d/1pC0YEw2h9yqSEblEHn9DY8f9ZxfAIMZe/view?usp=sharing,CCNP,https://drive.google.com/file/d/1KRVWvoC0hEH5lvR8WSjsLObxjdeqoymd/view?usp=sharing,PCNSE,https://drive.google.com/file/d/1j2-bPEEXHTpp2XCePdN10uhl-hbI5vdD/view?usp=sharing,F5 LTM,https://drive.google.com/file/d/1_uU-ukXnwnEZjnMDe8zc_BxWi2YAE15i/view?usp=sharing
CB.EN.U4CSE17449,CCDSAP,https://drive.google.com/file/d/1F8S8JJJP_xRiB51dNAtgStipnSynlitU/view?usp=sharing,CCNA,https://drive.google.com/file/d/1pC0YEw2h9yqSEblEHn9DY8f9ZxfAIMZe/view?usp=sharing,CCNP,https://drive.google.com/file/d/1KRVWvoC0hEH5lvR8WSjsLObxjdeqoymd/view?usp=sharing,PCNSE,https://drive.google.com/file/d/1j2-bPEEXHTpp2XCePdN10uhl-hbI5vdD/view?usp=sharing,F5 LTM,https://drive.google.com/file/d/1_uU-ukXnwnEZjnMDe8zc_BxWi2YAE15i/view?usp=sharing
CB.EN.U4CSE17450,CCDSAP,https://drive.google.com/file/d/1F8S8JJJP_xRiB51dNAtgStipnSynlitU/view?usp=sharing,CCNA,https://drive.google.com/file/d/1pC0YEw2h9yqSEblEHn9DY8f9ZxfAIMZe/view?usp=sharing,CCNP,https://drive.google.com/file/d/1KRVWvoC0hEH5lvR8WSjsLObxjdeqoymd/view?usp=sharing,PCNSE,https://drive.google.com/file/d/1j2-bPEEXHTpp2XCePdN10uhl-hbI5vdD/view?usp=sharing,F5 LTM,https://drive.google.com/file/d/1_uU-ukXnwnEZjnMDe8zc_BxWi2YAE15i/view?usp=sharing
CB.EN.U4CSE17451,CCDSAP,https://drive.google.com/file/d/1F8S8JJJP_xRiB51dNAtgStipnSynlitU/view?usp=sharing,CCNA,https://drive.google.com/file/d/1pC0YEw2h9yqSEblEHn9DY8f9ZxfAIMZe/view?usp=sharing,CCNP,https://drive.google.com/file/d/1KRVWvoC0hEH5lvR8WSjsLObxjdeqoymd/view?usp=sharing,PCNSE,https://drive.google.com/file/d/1j2-bPEEXHTpp2XCePdN10uhl-hbI5vdD/view?usp=sharing,F5 LTM,https://drive.google.com/file/d/1_uU-ukXnwnEZjnMDe8zc_BxWi2YAE15i/view?usp=sharing
CB.EN.U4CSE17452,CCDSAP,https://drive.google.com/file/d/1F8S8JJJP_xRiB51dNAtgStipnSynlitU/view?usp=sharing,CCNA,https://drive.google.com/file/d/1pC0YEw2h9yqSEblEHn9DY8f9ZxfAIMZe/view?usp=sharing,CCNP,https://drive.google.com/file/d/1KRVWvoC0hEH5lvR8WSjsLObxjdeqoymd/view?usp=sharing,PCNSE,https://drive.google.com/file/d/1j2-bPEEXHTpp2XCePdN10uhl-hbI5vdD/view?usp=sharing,F5 LTM,https://drive.google.com/file/d/1_uU-ukXnwnEZjnMDe8zc_BxWi2YAE15i/view?usp=sharing
CB.EN.U4CSE17453,CCDSAP,https://drive.google.com/file/d/1F8S8JJJP_xRiB51dNAtgStipnSynlitU/view?usp=sharing,CCNA,https://drive.google.com/file/d/1pC0YEw2h9yqSEblEHn9DY8f9ZxfAIMZe/view?usp=sharing,CCNP,https://drive.google.com/file/d/1KRVWvoC0hEH5lvR8WSjsLObxjdeqoymd/view?usp=sharing,PCNSE,https://drive.google.com/file/d/1j2-bPEEXHTpp2XCePdN10uhl-hbI5vdD/view?usp=sharing,F5 LTM,https://drive.google.com/file/d/1_uU-ukXnwnEZjnMDe8zc_BxWi2YAE15i/view?usp=sharing
CB.EN.U4CSE17454,CCDSAP,https://drive.google.com/file/d/1F8S8JJJP_xRiB51dNAtgStipnSynlitU/view?usp=sharing,CCNA,https://drive.google.com/file/d/1pC0YEw2h9yqSEblEHn9DY8f9ZxfAIMZe/view?usp=sharing,CCNP,https://drive.google.com/file/d/1KRVWvoC0hEH5lvR8WSjsLObxjdeqoymd/view?usp=sharing,PCNSE,https://drive.google.com/file/d/1j2-bPEEXHTpp2XCePdN10uhl-hbI5vdD/view?usp=sharing,F5 LTM,https://drive.google.com/file/d/1_uU-ukXnwnEZjnMDe8zc_BxWi2YAE15i/view?usp=sharing
CB.EN.U4CSE17455,CCDSAP,https://drive.google.com/file/d/1F8S8JJJP_xRiB51dNAtgStipnSynlitU/view?usp=sharing,CCNA,https://drive.google.com/file/d/1pC0YEw2h9yqSEblEHn9DY8f9ZxfAIMZe/view?usp=sharing,CCNP,https://drive.google.com/file/d/1KRVWvoC0hEH5lvR8WSjsLObxjdeqoymd/view?usp=sharing,PCNSE,https://drive.google.com/file/d/1j2-bPEEXHTpp2XCePdN10uhl-hbI5vdD/view?usp=sharing,F5 LTM,https://drive.google.com/file/d/1_uU-ukXnwnEZjnMDe8zc_BxWi2YAE15i/view?usp=sharing
CB.EN.U4CSE17456,CCDSAP,https://drive.google.com/file/d/1F8S8JJJP_xRiB51dNAtgStipnSynlitU/view?usp=sharing,CCNA,https://drive.google.com/file/d/1pC0YEw2h9yqSEblEHn9DY8f9ZxfAIMZe/view?usp=sharing,CCNP,https://drive.google.com/file/d/1KRVWvoC0hEH5lvR8WSjsLObxjdeqoymd/view?usp=sharing,PCNSE,https://drive.google.com/file/d/1j2-bPEEXHTpp2XCePdN10uhl-hbI5vdD/view?usp=sharing,F5 LTM,https://drive.google.com/file/d/1_uU-ukXnwnEZjnMDe8zc_BxWi2YAE15i/view?usp=sharing
CB.EN.U4CSE17457,CCDSAP,https://drive.google.com/file/d/1F8S8JJJP_xRiB51dNAtgStipnSynlitU/view?usp=sharing,CCNA,https://drive.google.com/file/d/1pC0YEw2h9yqSEblEHn9DY8f9ZxfAIMZe/view?usp=sharing,CCNP,https://drive.google.com/file/d/1KRVWvoC0hEH5lvR8WSjsLObxjdeqoymd/view?usp=sharing,PCNSE,https://drive.google.com/file/d/1j2-bPEEXHTpp2XCePdN10uhl-hbI5vdD/view?usp=sharing,F5 LTM,https://drive.google.com/file/d/1_uU-ukXnwnEZjnMDe8zc_BxWi2YAE15i/view?usp=sharing
CB.EN.U4CSE17458,CCDSAP,https://drive.google.com/file/d/1F8S8JJJP_xRiB51dNAtgStipnSynlitU/view?usp=sharing,CCNA,https://drive.google.com/file/d/1pC0YEw2h9yqSEblEHn9DY8f9ZxfAIMZe/view?usp=sharing,CCNP,https://drive.google.com/file/d/1KRVWvoC0hEH5lvR8WSjsLObxjdeqoymd/view?usp=sharing,PCNSE,https://drive.google.com/file/d/1j2-bPEEXHTpp2XCePdN10uhl-hbI5vdD/view?usp=sharing,F5 LTM,https://drive.google.com/file/d/1_uU-ukXnwnEZjnMDe8zc_BxWi2YAE15i/view?usp=sharing
CB.EN.U4CSE17459,CCDSAP,https://drive.google.com/file/d/1F8S8JJJP_xRiB51dNAtgStipnSynlitU/view?usp=sharing,CCNA,https://drive.google.com/file/d/1pC0YEw2h9yqSEblEHn9DY8f9ZxfAIMZe/view?usp=sharing,CCNP,https://drive.google.com/file/d/1KRVWvoC0hEH5lvR8WSjsLObxjdeqoymd/view?usp=sharing,PCNSE,https://drive.google.com/file/d/1j2-bPEEXHTpp2XCePdN10uhl-hbI5vdD/view?usp=sharing,F5 LTM,https://drive.google.com/file/d/1_uU-ukXnwnEZjnMDe8zc_BxWi2YAE15i/view?usp=sharing
CB.EN.U4CSE17460,CCDSAP,https://drive.google.com/file/d/1F8S8JJJP_xRiB51dNAtgStipnSynlitU/view?usp=sharing,CCNA,https://drive.google.com/file/d/1pC0YEw2h9yqSEblEHn9DY8f9ZxfAIMZe/view?usp=sharing,CCNP,https://drive.google.com/file/d/1KRVWvoC0hEH5lvR8WSjsLObxjdeqoymd/view?usp=sharing,PCNSE,https://drive.google.com/file/d/1j2-bPEEXHTpp2XCePdN10uhl-hbI5vdD/view?usp=sharing,F5 LTM,https://drive.google.com/file/d/1_uU-ukXnwnEZjnMDe8zc_BxWi2YAE15i/view?usp=sharing
CB.EN.U4CSE17461,CCDSAP,https://drive.google.com/file/d/1F8S8JJJP_xRiB51dNAtgStipnSynlitU/view?usp=sharing,CCNA,https://drive.google.com/file/d/1pC0YEw2h9yqSEblEHn9DY8f9ZxfAIMZe/view?usp=sharing,CCNP,https://drive.google.com/file/d/1KRVWvoC0hEH5lvR8WSjsLObxjdeqoymd/view?usp=sharing,PCNSE,https://drive.google.com/file/d/1j2-bPEEXHTpp2XCePdN10uhl-hbI5vdD/view?usp=sharing,F5 LTM,https://drive.google.com/file/d/1_uU-ukXnwnEZjnMDe8zc_BxWi2YAE15i/view?usp=sharing
CB.EN.U4CSE17462,CCDSAP,https://drive.google.com/file/d/1F8S8JJJP_xRiB51dNAtgStipnSynlitU/view?usp=sharing,CCNA,https://drive.google.com/file/d/1pC0YEw2h9yqSEblEHn9DY8f9ZxfAIMZe/view?usp=sharing,CCNP,https://drive.google.com/file/d/1KRVWvoC0hEH5lvR8WSjsLObxjdeqoymd/view?usp=sharing,PCNSE,https://drive.google.com/file/d/1j2-bPEEXHTpp2XCePdN10uhl-hbI5vdD/view?usp=sharing,F5 LTM,https://drive.google.com/file/d/1_uU-ukXnwnEZjnMDe8zc_BxWi2YAE15i/view?usp=sharing
CB.EN.U4CSE17463,CCDSAP,https://drive.google.com/file/d/1F8S8JJJP_xRiB51dNAtgStipnSynlitU/view?usp=sharing,CCNA,https://drive.google.com/file/d/1pC0YEw2h9yqSEblEHn9DY8f9ZxfAIMZe/view?usp=sharing,CCNP,https://drive.google.com/file/d/1KRVWvoC0hEH5lvR8WSjsLObxjdeqoymd/view?usp=sharing,PCNSE,https://drive.google.com/file/d/1j2-bPEEXHTpp2XCePdN10uhl-hbI5vdD/view?usp=sharing,F5 LTM,https://drive.google.com/file/d/1_uU-ukXnwnEZjnMDe8zc_BxWi2YAE15i/view?usp=sharing
CB.EN.U4CSE17464,CCDSAP,https://drive.google.com/file/d/1F8S8JJJP_xRiB51dNAtgStipnSynlitU/view?usp=sharing,CCNA,https://drive.google.com/file/d/1pC0YEw2h9yqSEblEHn9DY8f9ZxfAIMZe/view?usp=sharing,CCNP,https://drive.google.com/file/d/1KRVWvoC0hEH5lvR8WSjsLObxjdeqoymd/view?usp=sharing,PCNSE,https://drive.google.com/file/d/1j2-bPEEXHTpp2XCePdN10uhl-hbI5vdD/view?usp=sharing,F5 LTM,https://drive.google.com/file/d/1_uU-ukXnwnEZjnMDe8zc_BxWi2YAE15i/view?usp=sharing
CB.EN.U4CSE17465,CCDSAP,https://drive.google.com/file/d/1F8S8JJJP_xRiB51dNAtgStipnSynlitU/view?usp=sharing,CCNA,https://drive.google.com/file/d/1pC0YEw2h9yqSEblEHn9DY8f9ZxfAIMZe/view?usp=sharing,CCNP,https://drive.google.com/file/d/1KRVWvoC0hEH5lvR8WSjsLObxjdeqoymd/view?usp=sharing,PCNSE,https://drive.google.com/file/d/1j2-bPEEXHTpp2XCePdN10uhl-hbI5vdD/view?usp=sharing,F5 LTM,https://drive.google.com/file/d/1_uU-ukXnwnEZjnMDe8zc_BxWi2YAE15i/view?usp=sharing
CB.EN.U4CSE17466,CCDSAP,https://drive.google.com/file/d/1F8S8JJJP_xRiB51dNAtgStipnSynlitU/view?usp=sharing,CCNA,https://drive.google.com/file/d/1pC0YEw2h9yqSEblEHn9DY8f9ZxfAIMZe/view?usp=sharing,CCNP,https://drive.google.com/file/d/1KRVWvoC0hEH5lvR8WSjsLObxjdeqoymd/view?usp=sharing,PCNSE,https://drive.google.com/file/d/1j2-bPEEXHTpp2XCePdN10uhl-hbI5vdD/view?usp=sharing,F5 LTM,https://drive.google.com/file/d/1_uU-ukXnwnEZjnMDe8zc_BxWi2YAE15i/view?usp=sharing
CB.EN.U4CSE17467,CCDSAP,https://drive.google.com/file/d/1F8S8JJJP_xRiB51dNAtgStipnSynlitU/view?usp=sharing,CCNA,https://drive.google.com/file/d/1pC0YEw2h9yqSEblEHn9DY8f9ZxfAIMZe/view?usp=sharing,CCNP,https://drive.google.com/file/d/1KRVWvoC0hEH5lvR8WSjsLObxjdeqoymd/view?usp=sharing,PCNSE,https://drive.google.com/file/d/1j2-bPEEXHTpp2XCePdN10uhl-hbI5vdD/view?usp=sharing,F5 LTM,https://drive.google.com/file/d/1_uU-ukXnwnEZjnMDe8zc_BxWi2YAE15i/view?usp=sharing
CB.EN.U4CSE17468,CCDSAP,https://drive.google.com/file/d/1F8S8JJJP_xRiB51dNAtgStipnSynlitU/view?usp=sharing,CCNA,https://drive.google.com/file/d/1pC0YEw2h9yqSEblEHn9DY8f9ZxfAIMZe/view?usp=sharing,CCNP,https://drive.google.com/file/d/1KRVWvoC0hEH5lvR8WSjsLObxjdeqoymd/view?usp=sharing,PCNSE,https://drive.google.com/file/d/1j2-bPEEXHTpp2XCePdN10uhl-hbI5vdD/view?usp=sharing,F5 LTM,https://drive.google.com/file/d/1_uU-ukXnwnEZjnMDe8zc_BxWi2YAE15i/view?usp=sharing
CB.EN.U4CSE17469,CCDSAP,https://drive.google.com/file/d/1F8S8JJJP_xRiB51dNAtgStipnSynlitU/view?usp=sharing,CCNA,https://drive.google.com/file/d/1pC0YEw2h9yqSEblEHn9DY8f9ZxfAIMZe/view?usp=sharing,CCNP,https://drive.google.com/file/d/1KRVWvoC0hEH5lvR8WSjsLObxjdeqoymd/view?usp=sharing,PCNSE,https://drive.google.com/file/d/1j2-bPEEXHTpp2XCePdN10uhl-hbI5vdD/view?usp=sharing,F5 LTM,https://drive.google.com/file/d/1_uU-ukXnwnEZjnMDe8zc_BxWi2YAE15i/view?usp=sharing
CB.EN.U4CSE17470,CCDSAP,https://drive.google.com/file/d/1F8S8JJJP_xRiB51dNAtgStipnSynlitU/view?usp=sharing,CCNA,https://drive.google.com/file/d/1pC0YEw2h9yqSEblEHn9DY8f9ZxfAIMZe/view?usp=sharing,CCNP,https://drive.google.com/file/d/1KRVWvoC0hEH5lvR8WSjsLObxjdeqoymd/view?usp=sharing,PCNSE,https://drive.google.com/file/d/1j2-bPEEXHTpp2XCePdN10uhl-hbI5vdD/view?usp=sharing,F5 LTM,https://drive.google.com/file/d/1_uU-ukXnwnEZjnMDe8zc_BxWi2YAE15i/view?usp=sharing
