roll_no,skill1,proof1,skill2,proof2,skill3,proof3,skill4,proof4,skill5,proof5
CB.EN.U4CSE17401,DS,https://drive.google.com/file/d/1io_QITEBVptttpp2_ldglI5Ks6JG-oWc/view?usp=sharing,HTML,https://drive.google.com/file/d/1znl3LrgwtZgD43_xCx9JtLmmHrS4QcR1/view?usp=sharing,Load Balancers,https://drive.google.com/file/d/1_uU-ukXnwnEZjnMDe8zc_BxWi2YAE15i/view?usp=sharing,Firewalls,https://drive.google.com/file/d/1j2-bPEEXHTpp2XCePdN10uhl-hbI5vdD/view?usp=sharing,Networks,https://drive.google.com/file/d/1KRVWvoC0hEH5lvR8WSjsLObxjdeqoymd/view?usp=sharing
CB.EN.U4CSE17402,DS,https://drive.google.com/file/d/1io_QITEBVptttpp2_ldglI5Ks6JG-oWc/view?usp=sharing,HTML,https://drive.google.com/file/d/1znl3LrgwtZgD43_xCx9JtLmmHrS4QcR1/view?usp=sharing,Load Balancers,https://drive.google.com/file/d/1_uU-ukXnwnEZjnMDe8zc_BxWi2YAE15i/view?usp=sharing,Firewalls,https://drive.google.com/file/d/1j2-bPEEXHTpp2XCePdN10uhl-hbI5vdD/view?usp=sharing,Networks,https://drive.google.com/file/d/1KRVWvoC0hEH5lvR8WSjsLObxjdeqoymd/view?usp=sharing
CB.EN.U4CSE17403,DS,https://drive.google.com/file/d/1io_QITEBVptttpp2_ldglI5Ks6JG-oWc/view?usp=sharing,HTML,https://drive.google.com/file/d/1znl3LrgwtZgD43_xCx9JtLmmHrS4QcR1/view?usp=sharing,Load Balancers,https://drive.google.com/file/d/1_uU-ukXnwnEZjnMDe8zc_BxWi2YAE15i/view?usp=sharing,Firewalls,https://drive.google.com/file/d/1j2-bPEEXHTpp2XCePdN10uhl-hbI5vdD/view?usp=sharing,Networks,https://drive.google.com/file/d/1KRVWvoC0hEH5lvR8WSjsLObxjdeqoymd/view?usp=sharing
CB.EN.U4CSE17404,DS,https://drive.google.com/file/d/1io_QITEBVptttpp2_ldglI5Ks6JG-oWc/view?usp=sharing,HTML,https://drive.google.com/file/d/1znl3LrgwtZgD43_xCx9JtLmmHrS4QcR1/view?usp=sharing,Load Balancers,https://drive.google.com/file/d/1_uU-ukXnwnEZjnMDe8zc_BxWi2YAE15i/view?usp=sharing,Firewalls,https://drive.google.com/file/d/1j2-bPEEXHTpp2XCePdN10uhl-hbI5vdD/view?usp=sharing,Networks,https://drive.google.com/file/d/1KRVWvoC0hEH5lvR8WSjsLObxjdeqoymd/view?usp=sharing
CB.EN.U4CSE17405,DS,https://drive.google.com/file/d/1io_QITEBVptttpp2_ldglI5Ks6JG-oWc/view?usp=sharing,HTML,https://drive.google.com/file/d/1znl3LrgwtZgD43_xCx9JtLmmHrS4QcR1/view?usp=sharing,Load Balancers,https://drive.google.com/file/d/1_uU-ukXnwnEZjnMDe8zc_BxWi2YAE15i/view?usp=sharing,Firewalls,https://drive.google.com/file/d/1j2-bPEEXHTpp2XCePdN10uhl-hbI5vdD/view?usp=sharing,Networks,https://drive.google.com/file/d/1KRVWvoC0hEH5lvR8WSjsLObxjdeqoymd/view?usp=sharing
CB.EN.U4CSE17406,DS,https://drive.google.com/file/d/1io_QITEBVptttpp2_ldglI5Ks6JG-oWc/view?usp=sharing,HTML,https://drive.google.com/file/d/1znl3LrgwtZgD43_xCx9JtLmmHrS4QcR1/view?usp=sharing,Load Balancers,https://drive.google.com/file/d/1_uU-ukXnwnEZjnMDe8zc_BxWi2YAE15i/view?usp=sharing,Firewalls,https://drive.google.com/file/d/1j2-bPEEXHTpp2XCePdN10uhl-hbI5vdD/view?usp=sharing,Networks,https://drive.google.com/file/d/1KRVWvoC0hEH5lvR8WSjsLObxjdeqoymd/view?usp=sharing
CB.EN.U4CSE17407,DS,https://drive.google.com/file/d/1io_QITEBVptttpp2_ldglI5Ks6JG-oWc/view?usp=sharing,HTML,https://drive.google.com/file/d/1znl3LrgwtZgD43_xCx9JtLmmHrS4QcR1/view?usp=sharing,Load Balancers,https://drive.google.com/file/d/1_uU-ukXnwnEZjnMDe8zc_BxWi2YAE15i/view?usp=sharing,Firewalls,https://drive.google.com/file/d/1j2-bPEEXHTpp2XCePdN10uhl-hbI5vdD/view?usp=sharing,Networks,https://drive.google.com/file/d/1KRVWvoC0hEH5lvR8WSjsLObxjdeqoymd/view?usp=sharing
CB.EN.U4CSE17408,DS,https://drive.google.com/file/d/1io_QITEBVptttpp2_ldglI5Ks6JG-oWc/view?usp=sharing,HTML,https://drive.google.com/file/d/1znl3LrgwtZgD43_xCx9JtLmmHrS4QcR1/view?usp=sharing,Load Balancers,https://drive.google.com/file/d/1_uU-ukXnwnEZjnMDe8zc_BxWi2YAE15i/view?usp=sharing,Firewalls,https://drive.google.com/file/d/1j2-bPEEXHTpp2XCePdN10uhl-hbI5vdD/view?usp=sharing,Networks,https://drive.google.com/file/d/1KRVWvoC0hEH5lvR8WSjsLObxjdeqoymd/view?usp=sharing
CB.EN.U4CSE17409,DS,https://drive.google.com/file/d/1io_QITEBVptttpp2_ldglI5Ks6JG-oWc/view?usp=sharing,HTML,https://drive.google.com/file/d/1znl3LrgwtZgD43_xCx9JtLmmHrS4QcR1/view?usp=sharing,Load Balancers,https://drive.google.com/file/d/1_uU-ukXnwnEZjnMDe8zc_BxWi2YAE15i/view?usp=sharing,Firewalls,https://drive.google.com/file/d/1j2-bPEEXHTpp2XCePdN10uhl-hbI5vdD/view?usp=sharing,Networks,https://drive.google.com/file/d/1KRVWvoC0hEH5lvR8WSjsLObxjdeqoymd/view?usp=sharing
CB.EN.U4CSE17410,DS,https://drive.google.com/file/d/1io_QITEBVptttpp2_ldglI5Ks6JG-oWc/view?usp=sharing,HTML,https://drive.google.com/file/d/1znl3LrgwtZgD43_xCx9JtLmmHrS4QcR1/view?usp=sharing,Load Balancers,https://drive.google.com/file/d/1_uU-ukXnwnEZjnMDe8zc_BxWi2YAE15i/view?usp=sharing,Firewalls,https://drive.google.com/file/d/1j2-bPEEXHTpp2XCePdN10uhl-hbI5vdD/view?usp=sharing,Networks,https://drive.google.com/file/d/1KRVWvoC0hEH5lvR8WSjsLObxjdeqoymd/view?usp=sharing
CB.EN.U4CSE17411,DS,https://drive.google.com/file/d/1io_QITEBVptttpp2_ldglI5Ks6JG-oWc/view?usp=sharing,HTML,https://drive.google.com/file/d/1znl3LrgwtZgD43_xCx9JtLmmHrS4QcR1/view?usp=sharing,Load Balancers,https://drive.google.com/file/d/1_uU-ukXnwnEZjnMDe8zc_BxWi2YAE15i/view?usp=sharing,Firewalls,https://drive.google.com/file/d/1j2-bPEEXHTpp2XCePdN10uhl-hbI5vdD/view?usp=sharing,Networks,https://drive.google.com/file/d/1KRVWvoC0hEH5lvR8WSjsLObxjdeqoymd/view?usp=sharing
CB.EN.U4CSE17412,DS,https://drive.google.com/file/d/1io_QITEBVptttpp2_ldglI5Ks6JG-oWc/view?usp=sharing,HTML,https://drive.google.com/file/d/1znl3LrgwtZgD43_xCx9JtLmmHrS4QcR1/view?usp=sharing,Load Balancers,https://drive.google.com/file/d/1_uU-ukXnwnEZjnMDe8zc_BxWi2YAE15i/view?usp=sharing,Firewalls,https://drive.google.com/file/d/1j2-bPEEXHTpp2XCePdN10uhl-hbI5vdD/view?usp=sharing,Networks,https://drive.google.com/file/d/1KRVWvoC0hEH5lvR8WSjsLObxjdeqoymd/view?usp=sharing
CB.EN.U4CSE17413,DS,https://drive.google.com/file/d/1io_QITEBVptttpp2_ldglI5Ks6JG-oWc/view?usp=sharing,HTML,https://drive.google.com/file/d/1znl3LrgwtZgD43_xCx9JtLmmHrS4QcR1/view?usp=sharing,Load Balancers,https://drive.google.com/file/d/1_uU-ukXnwnEZjnMDe8zc_BxWi2YAE15i/view?usp=sharing,Firewalls,https://drive.google.com/file/d/1j2-bPEEXHTpp2XCePdN10uhl-hbI5vdD/view?usp=sharing,Networks,https://drive.google.com/file/d/1KRVWvoC0hEH5lvR8WSjsLObxjdeqoymd/view?usp=sharing
CB.EN.U4CSE17414,DS,https://drive.google.com/file/d/1io_QITEBVptttpp2_ldglI5Ks6JG-oWc/view?usp=sharing,HTML,https://drive.google.com/file/d/1znl3LrgwtZgD43_xCx9JtLmmHrS4QcR1/view?usp=sharing,Load Balancers,https://drive.google.com/file/d/1_uU-ukXnwnEZjnMDe8zc_BxWi2YAE15i/view?usp=sharing,Firewalls,https://drive.google.com/file/d/1j2-bPEEXHTpp2XCePdN10uhl-hbI5vdD/view?usp=sharing,Networks,https://drive.google.com/file/d/1KRVWvoC0hEH5lvR8WSjsLObxjdeqoymd/view?usp=sharing
CB.EN.U4CSE17415,DS,https://drive.google.com/file/d/1io_QITEBVptttpp2_ldglI5Ks6JG-oWc/view?usp=sharing,HTML,https://drive.google.com/file/d/1znl3LrgwtZgD43_xCx9JtLmmHrS4QcR1/view?usp=sharing,Load Balancers,https://drive.google.com/file/d/1_uU-ukXnwnEZjnMDe8zc_BxWi2YAE15i/view?usp=sharing,Firewalls,https://drive.google.com/file/d/1j2-bPEEXHTpp2XCePdN10uhl-hbI5vdD/view?usp=sharing,Networks,https://drive.google.com/file/d/1KRVWvoC0hEH5lvR8WSjsLObxjdeqoymd/view?usp=sharing
CB.EN.U4CSE17416,DS,https://drive.google.com/file/d/1io_QITEBVptttpp2_ldglI5Ks6JG-oWc/view?usp=sharing,HTML,https://drive.google.com/file/d/1znl3LrgwtZgD43_xCx9JtLmmHrS4QcR1/view?usp=sharing,Load Balancers,https://drive.google.com/file/d/1_uU-ukXnwnEZjnMDe8zc_BxWi2YAE15i/view?usp=sharing,Firewalls,https://drive.google.com/file/d/1j2-bPEEXHTpp2XCePdN10uhl-hbI5vdD/view?usp=sharing,Networks,https://drive.google.com/file/d/1KRVWvoC0hEH5lvR8WSjsLObxjdeqoymd/view?usp=sharing
CB.EN.U4CSE17417,DS,https://drive.google.com/file/d/1io_QITEBVptttpp2_ldglI5Ks6JG-oWc/view?usp=sharing,HTML,https://drive.google.com/file/d/1znl3LrgwtZgD43_xCx9JtLmmHrS4QcR1/view?usp=sharing,Load Balancers,https://drive.google.com/file/d/1_uU-ukXnwnEZjnMDe8zc_BxWi2YAE15i/view?usp=sharing,Firewalls,https://drive.google.com/file/d/1j2-bPEEXHTpp2XCePdN10uhl-hbI5vdD/view?usp=sharing,Networks,https://drive.google.com/file/d/1KRVWvoC0hEH5lvR8WSjsLObxjdeqoymd/view?usp=sharing
CB.EN.U4CSE17418,DS,https://drive.google.com/file/d/1io_QITEBVptttpp2_ldglI5Ks6JG-oWc/view?usp=sharing,HTML,https://drive.google.com/file/d/1znl3LrgwtZgD43_xCx9JtLmmHrS4QcR1/view?usp=sharing,Load Balancers,https://drive.google.com/file/d/1_uU-ukXnwnEZjnMDe8zc_BxWi2YAE15i/view?usp=sharing,Firewalls,https://drive.google.com/file/d/1j2-bPEEXHTpp2XCePdN10uhl-hbI5vdD/view?usp=sharing,Networks,https://drive.google.com/file/d/1KRVWvoC0hEH5lvR8WSjsLObxjdeqoymd/view?usp=sharing
CB.EN.U4CSE17419,DS,https://drive.google.com/file/d/1io_QITEBVptttpp2_ldglI5Ks6JG-oWc/view?usp=sharing,HTML,https://drive.google.com/file/d/1znl3LrgwtZgD43_xCx9JtLmmHrS4QcR1/view?usp=sharing,Load Balancers,https://drive.google.com/file/d/1_uU-ukXnwnEZjnMDe8zc_BxWi2YAE15i/view?usp=sharing,Firewalls,https://drive.google.com/file/d/1j2-bPEEXHTpp2XCePdN10uhl-hbI5vdD/view?usp=sharing,Networks,https://drive.google.com/file/d/1KRVWvoC0hEH5lvR8WSjsLObxjdeqoymd/view?usp=sharing
CB.EN.U4CSE17420,DS,https://drive.google.com/file/d/1io_QITEBVptttpp2_ldglI5Ks6JG-oWc/view?usp=sharing,HTML,https://drive.google.com/file/d/1znl3LrgwtZgD43_xCx9JtLmmHrS4QcR1/view?usp=sharing,Load Balancers,https://drive.google.com/file/d/1_uU-ukXnwnEZjnMDe8zc_BxWi2YAE15i/view?usp=sharing,Firewalls,https://drive.google.com/file/d/1j2-bPEEXHTpp2XCePdN10uhl-hbI5vdD/view?usp=sharing,Networks,https://drive.google.com/file/d/1KRVWvoC0hEH5lvR8WSjsLObxjdeqoymd/view?usp=sharing
CB.EN.U4CSE17421,DS,https://drive.google.com/file/d/1io_QITEBVptttpp2_ldglI5Ks6JG-oWc/view?usp=sharing,HTML,https://drive.google.com/file/d/1znl3LrgwtZgD43_xCx9JtLmmHrS4QcR1/view?usp=sharing,Load Balancers,https://drive.google.com/file/d/1_uU-ukXnwnEZjnMDe8zc_BxWi2YAE15i/view?usp=sharing,Firewalls,https://drive.google.com/file/d/1j2-bPEEXHTpp2XCePdN10uhl-hbI5vdD/view?usp=sharing,Networks,https://drive.google.com/file/d/1KRVWvoC0hEH5lvR8WSjsLObxjdeqoymd/view?usp=sharing
CB.EN.U4CSE17422,DS,https://drive.google.com/file/d/1io_QITEBVptttpp2_ldglI5Ks6JG-oWc/view?usp=sharing,HTML,https://drive.google.com/file/d/1znl3LrgwtZgD43_xCx9JtLmmHrS4QcR1/view?usp=sharing,Load Balancers,https://drive.google.com/file/d/1_uU-ukXnwnEZjnMDe8zc_BxWi2YAE15i/view?usp=sharing,Firewalls,https://drive.google.com/file/d/1j2-bPEEXHTpp2XCePdN10uhl-hbI5vdD/view?usp=sharing,Networks,https://drive.google.com/file/d/1KRVWvoC0hEH5lvR8WSjsLObxjdeqoymd/view?usp=sharing
CB.EN.U4CSE17423,DS,https://drive.google.com/file/d/1io_QITEBVptttpp2_ldglI5Ks6JG-oWc/view?usp=sharing,HTML,https://drive.google.com/file/d/1znl3LrgwtZgD43_xCx9JtLmmHrS4QcR1/view?usp=sharing,Load Balancers,https://drive.google.com/file/d/1_uU-ukXnwnEZjnMDe8zc_BxWi2YAE15i/view?usp=sharing,Firewalls,https://drive.google.com/file/d/1j2-bPEEXHTpp2XCePdN10uhl-hbI5vdD/view?usp=sharing,Networks,https://drive.google.com/file/d/1KRVWvoC0hEH5lvR8WSjsLObxjdeqoymd/view?usp=sharing
CB.EN.U4CSE17424,DS,https://drive.google.com/file/d/1io_QITEBVptttpp2_ldglI5Ks6JG-oWc/view?usp=sharing,HTML,https://drive.google.com/file/d/1znl3LrgwtZgD43_xCx9JtLmmHrS4QcR1/view?usp=sharing,Load Balancers,https://drive.google.com/file/d/1_uU-ukXnwnEZjnMDe8zc_BxWi2YAE15i/view?usp=sharing,Firewalls,https://drive.google.com/file/d/1j2-bPEEXHTpp2XCePdN10uhl-hbI5vdD/view?usp=sharing,Networks,https://drive.google.com/file/d/1KRVWvoC0hEH5lvR8WSjsLObxjdeqoymd/view?usp=sharing
CB.EN.U4CSE17425,DS,https://drive.google.com/file/d/1io_QITEBVptttpp2_ldglI5Ks6JG-oWc/view?usp=sharing,HTML,https://drive.google.com/file/d/1znl3LrgwtZgD43_xCx9JtLmmHrS4QcR1/view?usp=sharing,Load Balancers,https://drive.google.com/file/d/1_uU-ukXnwnEZjnMDe8zc_BxWi2YAE15i/view?usp=sharing,Firewalls,https://drive.google.com/file/d/1j2-bPEEXHTpp2XCePdN10uhl-hbI5vdD/view?usp=sharing,Networks,https://drive.google.com/file/d/1KRVWvoC0hEH5lvR8WSjsLObxjdeqoymd/view?usp=sharing
CB.EN.U4CSE17426,DS,https://drive.google.com/file/d/1io_QITEBVptttpp2_ldglI5Ks6JG-oWc/view?usp=sharing,HTML,https://drive.google.com/file/d/1znl3LrgwtZgD43_xCx9JtLmmHrS4QcR1/view?usp=sharing,Load Balancers,https://drive.google.com/file/d/1_uU-ukXnwnEZjnMDe8zc_BxWi2YAE15i/view?usp=sharing,Firewalls,https://drive.google.com/file/d/1j2-bPEEXHTpp2XCePdN10uhl-hbI5vdD/view?usp=sharing,Networks,https://drive.google.com/file/d/1KRVWvoC0hEH5lvR8WSjsLObxjdeqoymd/view?usp=sharing
CB.EN.U4CSE17427,DS,https://drive.google.com/file/d/1io_QITEBVptttpp2_ldglI5Ks6JG-oWc/view?usp=sharing,HTML,https://drive.google.com/file/d/1znl3LrgwtZgD43_xCx9JtLmmHrS4QcR1/view?usp=sharing,Load Balancers,https://drive.google.com/file/d/1_uU-ukXnwnEZjnMDe8zc_BxWi2YAE15i/view?usp=sharing,Firewalls,https://drive.google.com/file/d/1j2-bPEEXHTpp2XCePdN10uhl-hbI5vdD/view?usp=sharing,Networks,https://drive.google.com/file/d/1KRVWvoC0hEH5lvR8WSjsLObxjdeqoymd/view?usp=sharing
CB.EN.U4CSE17428,DS,https://drive.google.com/file/d/1io_QITEBVptttpp2_ldglI5Ks6JG-oWc/view?usp=sharing,HTML,https://drive.google.com/file/d/1znl3LrgwtZgD43_xCx9JtLmmHrS4QcR1/view?usp=sharing,Load Balancers,https://drive.google.com/file/d/1_uU-ukXnwnEZjnMDe8zc_BxWi2YAE15i/view?usp=sharing,Firewalls,https://drive.google.com/file/d/1j2-bPEEXHTpp2XCePdN10uhl-hbI5vdD/view?usp=sharing,Networks,https://drive.google.com/file/d/1KRVWvoC0hEH5lvR8WSjsLObxjdeqoymd/view?usp=sharing
CB.EN.U4CSE17429,DS,https://drive.google.com/file/d/1io_QITEBVptttpp2_ldglI5Ks6JG-oWc/view?usp=sharing,HTML,https://drive.google.com/file/d/1znl3LrgwtZgD43_xCx9JtLmmHrS4QcR1/view?usp=sharing,Load Balancers,https://drive.google.com/file/d/1_uU-ukXnwnEZjnMDe8zc_BxWi2YAE15i/view?usp=sharing,Firewalls,https://drive.google.com/file/d/1j2-bPEEXHTpp2XCePdN10uhl-hbI5vdD/view?usp=sharing,Networks,https://drive.google.com/file/d/1KRVWvoC0hEH5lvR8WSjsLObxjdeqoymd/view?usp=sharing
CB.EN.U4CSE17430,DS,https://drive.google.com/file/d/1io_QITEBVptttpp2_ldglI5Ks6JG-oWc/view?usp=sharing,HTML,https://drive.google.com/file/d/1znl3LrgwtZgD43_xCx9JtLmmHrS4QcR1/view?usp=sharing,Load Balancers,https://drive.google.com/file/d/1_uU-ukXnwnEZjnMDe8zc_BxWi2YAE15i/view?usp=sharing,Firewalls,https://drive.google.com/file/d/1j2-bPEEXHTpp2XCePdN10uhl-hbI5vdD/view?usp=sharing,Networks,https://drive.google.com/file/d/1KRVWvoC0hEH5lvR8WSjsLObxjdeqoymd/view?usp=sharing
CB.EN.U4CSE17431,DS,https://drive.google.com/file/d/1io_QITEBVptttpp2_ldglI5Ks6JG-oWc/view?usp=sharing,HTML,https://drive.google.com/file/d/1znl3LrgwtZgD43_xCx9JtLmmHrS4QcR1/view?usp=sharing,Load Balancers,https://drive.google.com/file/d/1_uU-ukXnwnEZjnMDe8zc_BxWi2YAE15i/view?usp=sharing,Firewalls,https://drive.google.com/file/d/1j2-bPEEXHTpp2XCePdN10uhl-hbI5vdD/view?usp=sharing,Networks,https://drive.google.com/file/d/1KRVWvoC0hEH5lvR8WSjsLObxjdeqoymd/view?usp=sharing
CB.EN.U4CSE17432,DS,https://drive.google.com/file/d/1io_QITEBVptttpp2_ldglI5Ks6JG-oWc/view?usp=sharing,HTML,https://drive.google.com/file/d/1znl3LrgwtZgD43_xCx9JtLmmHrS4QcR1/view?usp=sharing,Load Balancers,https://drive.google.com/file/d/1_uU-ukXnwnEZjnMDe8zc_BxWi2YAE15i/view?usp=sharing,Firewalls,https://drive.google.com/file/d/1j2-bPEEXHTpp2XCePdN10uhl-hbI5vdD/view?usp=sharing,Networks,https://drive.google.com/file/d/1KRVWvoC0hEH5lvR8WSjsLObxjdeqoymd/view?usp=sharing
CB.EN.U4CSE17433,DS,https://drive.google.com/file/d/1io_QITEBVptttpp2_ldglI5Ks6JG-oWc/view?usp=sharing,HTML,https://drive.google.com/file/d/1znl3LrgwtZgD43_xCx9JtLmmHrS4QcR1/view?usp=sharing,Load Balancers,https://drive.google.com/file/d/1_uU-ukXnwnEZjnMDe8zc_BxWi2YAE15i/view?usp=sharing,Firewalls,https://drive.google.com/file/d/1j2-bPEEXHTpp2XCePdN10uhl-hbI5vdD/view?usp=sharing,Networks,https://drive.google.com/file/d/1KRVWvoC0hEH5lvR8WSjsLObxjdeqoymd/view?usp=sharing
CB.EN.U4CSE17434,DS,https://drive.google.com/file/d/1io_QITEBVptttpp2_ldglI5Ks6JG-oWc/view?usp=sharing,HTML,https://drive.google.com/file/d/1znl3LrgwtZgD43_xCx9JtLmmHrS4QcR1/view?usp=sharing,Load Balancers,https://drive.google.com/file/d/1_uU-ukXnwnEZjnMDe8zc_BxWi2YAE15i/view?usp=sharing,Firewalls,https://drive.google.com/file/d/1j2-bPEEXHTpp2XCePdN10uhl-hbI5vdD/view?usp=sharing,Networks,https://drive.google.com/file/d/1KRVWvoC0hEH5lvR8WSjsLObxjdeqoymd/view?usp=sharing
CB.EN.U4CSE17435,DS,https://drive.google.com/file/d/1io_QITEBVptttpp2_ldglI5Ks6JG-oWc/view?usp=sharing,HTML,https://drive.google.com/file/d/1znl3LrgwtZgD43_xCx9JtLmmHrS4QcR1/view?usp=sharing,Load Balancers,https://drive.google.com/file/d/1_uU-ukXnwnEZjnMDe8zc_BxWi2YAE15i/view?usp=sharing,Firewalls,https://drive.google.com/file/d/1j2-bPEEXHTpp2XCePdN10uhl-hbI5vdD/view?usp=sharing,Networks,https://drive.google.com/file/d/1KRVWvoC0hEH5lvR8WSjsLObxjdeqoymd/view?usp=sharing
CB.EN.U4CSE17436,DS,https://drive.google.com/file/d/1io_QITEBVptttpp2_ldglI5Ks6JG-oWc/view?usp=sharing,HTML,https://drive.google.com/file/d/1znl3LrgwtZgD43_xCx9JtLmmHrS4QcR1/view?usp=sharing,Load Balancers,https://drive.google.com/file/d/1_uU-ukXnwnEZjnMDe8zc_BxWi2YAE15i/view?usp=sharing,Firewalls,https://drive.google.com/file/d/1j2-bPEEXHTpp2XCePdN10uhl-hbI5vdD/view?usp=sharing,Networks,https://drive.google.com/file/d/1KRVWvoC0hEH5lvR8WSjsLObxjdeqoymd/view?usp=sharing
CB.EN.U4CSE17437,DS,https://drive.google.com/file/d/1io_QITEBVptttpp2_ldglI5Ks6JG-oWc/view?usp=sharing,HTML,https://drive.google.com/file/d/1znl3LrgwtZgD43_xCx9JtLmmHrS4QcR1/view?usp=sharing,Load Balancers,https://drive.google.com/file/d/1_uU-ukXnwnEZjnMDe8zc_BxWi2YAE15i/view?usp=sharing,Firewalls,https://drive.google.com/file/d/1j2-bPEEXHTpp2XCePdN10uhl-hbI5vdD/view?usp=sharing,Networks,https://drive.google.com/file/d/1KRVWvoC0hEH5lvR8WSjsLObxjdeqoymd/view?usp=sharing
CB.EN.U4CSE17438,DS,https://drive.google.com/file/d/1io_QITEBVptttpp2_ldglI5Ks6JG-oWc/view?usp=sharing,HTML,https://drive.google.com/file/d/1znl3LrgwtZgD43_xCx9JtLmmHrS4QcR1/view?usp=sharing,Load Balancers,https://drive.google.com/file/d/1_uU-ukXnwnEZjnMDe8zc_BxWi2YAE15i/view?usp=sharing,Firewalls,https://drive.google.com/file/d/1j2-bPEEXHTpp2XCePdN10uhl-hbI5vdD/view?usp=sharing,Networks,https://drive.google.com/file/d/1KRVWvoC0hEH5lvR8WSjsLObxjdeqoymd/view?usp=sharing
CB.EN.U4CSE17439,DS,https://drive.google.com/file/d/1io_QITEBVptttpp2_ldglI5Ks6JG-oWc/view?usp=sharing,HTML,https://drive.google.com/file/d/1znl3LrgwtZgD43_xCx9JtLmmHrS4QcR1/view?usp=sharing,Load Balancers,https://drive.google.com/file/d/1_uU-ukXnwnEZjnMDe8zc_BxWi2YAE15i/view?usp=sharing,Firewalls,https://drive.google.com/file/d/1j2-bPEEXHTpp2XCePdN10uhl-hbI5vdD/view?usp=sharing,Networks,https://drive.google.com/file/d/1KRVWvoC0hEH5lvR8WSjsLObxjdeqoymd/view?usp=sharing
CB.EN.U4CSE17440,DS,https://drive.google.com/file/d/1io_QITEBVptttpp2_ldglI5Ks6JG-oWc/view?usp=sharing,HTML,https://drive.google.com/file/d/1znl3LrgwtZgD43_xCx9JtLmmHrS4QcR1/view?usp=sharing,Load Balancers,https://drive.google.com/file/d/1_uU-ukXnwnEZjnMDe8zc_BxWi2YAE15i/view?usp=sharing,Firewalls,https://drive.google.com/file/d/1j2-bPEEXHTpp2XCePdN10uhl-hbI5vdD/view?usp=sharing,Networks,https://drive.google.com/file/d/1KRVWvoC0hEH5lvR8WSjsLObxjdeqoymd/view?usp=sharing
CB.EN.U4CSE17441,DS,https://drive.google.com/file/d/1io_QITEBVptttpp2_ldglI5Ks6JG-oWc/view?usp=sharing,HTML,https://drive.google.com/file/d/1znl3LrgwtZgD43_xCx9JtLmmHrS4QcR1/view?usp=sharing,Load Balancers,https://drive.google.com/file/d/1_uU-ukXnwnEZjnMDe8zc_BxWi2YAE15i/view?usp=sharing,Firewalls,https://drive.google.com/file/d/1j2-bPEEXHTpp2XCePdN10uhl-hbI5vdD/view?usp=sharing,Networks,https://drive.google.com/file/d/1KRVWvoC0hEH5lvR8WSjsLObxjdeqoymd/view?usp=sharing
CB.EN.U4CSE17442,DS,https://drive.google.com/file/d/1io_QITEBVptttpp2_ldglI5Ks6JG-oWc/view?usp=sharing,HTML,https://drive.google.com/file/d/1znl3LrgwtZgD43_xCx9JtLmmHrS4QcR1/view?usp=sharing,Load Balancers,https://drive.google.com/file/d/1_uU-ukXnwnEZjnMDe8zc_BxWi2YAE15i/view?usp=sharing,Firewalls,https://drive.google.com/file/d/1j2-bPEEXHTpp2XCePdN10uhl-hbI5vdD/view?usp=sharing,Networks,https://drive.google.com/file/d/1KRVWvoC0hEH5lvR8WSjsLObxjdeqoymd/view?usp=sharing
CB.EN.U4CSE17443,DS,https://drive.google.com/file/d/1io_QITEBVptttpp2_ldglI5Ks6JG-oWc/view?usp=sharing,HTML,https://drive.google.com/file/d/1znl3LrgwtZgD43_xCx9JtLmmHrS4QcR1/view?usp=sharing,Load Balancers,https://drive.google.com/file/d/1_uU-ukXnwnEZjnMDe8zc_BxWi2YAE15i/view?usp=sharing,Firewalls,https://drive.google.com/file/d/1j2-bPEEXHTpp2XCePdN10uhl-hbI5vdD/view?usp=sharing,Networks,https://drive.google.com/file/d/1KRVWvoC0hEH5lvR8WSjsLObxjdeqoymd/view?usp=sharing
CB.EN.U4CSE17444,DS,https://drive.google.com/file/d/1io_QITEBVptttpp2_ldglI5Ks6JG-oWc/view?usp=sharing,HTML,https://drive.google.com/file/d/1znl3LrgwtZgD43_xCx9JtLmmHrS4QcR1/view?usp=sharing,Load Balancers,https://drive.google.com/file/d/1_uU-ukXnwnEZjnMDe8zc_BxWi2YAE15i/view?usp=sharing,Firewalls,https://drive.google.com/file/d/1j2-bPEEXHTpp2XCePdN10uhl-hbI5vdD/view?usp=sharing,Networks,https://drive.google.com/file/d/1KRVWvoC0hEH5lvR8WSjsLObxjdeqoymd/view?usp=sharing
CB.EN.U4CSE17445,DS,https://drive.google.com/file/d/1io_QITEBVptttpp2_ldglI5Ks6JG-oWc/view?usp=sharing,HTML,https://drive.google.com/file/d/1znl3LrgwtZgD43_xCx9JtLmmHrS4QcR1/view?usp=sharing,Load Balancers,https://drive.google.com/file/d/1_uU-ukXnwnEZjnMDe8zc_BxWi2YAE15i/view?usp=sharing,Firewalls,https://drive.google.com/file/d/1j2-bPEEXHTpp2XCePdN10uhl-hbI5vdD/view?usp=sharing,Networks,https://drive.google.com/file/d/1KRVWvoC0hEH5lvR8WSjsLObxjdeqoymd/view?usp=sharing
CB.EN.U4CSE17446,DS,https://drive.google.com/file/d/1io_QITEBVptttpp2_ldglI5Ks6JG-oWc/view?usp=sharing,HTML,https://drive.google.com/file/d/1znl3LrgwtZgD43_xCx9JtLmmHrS4QcR1/view?usp=sharing,Load Balancers,https://drive.google.com/file/d/1_uU-ukXnwnEZjnMDe8zc_BxWi2YAE15i/view?usp=sharing,Firewalls,https://drive.google.com/file/d/1j2-bPEEXHTpp2XCePdN10uhl-hbI5vdD/view?usp=sharing,Networks,https://drive.google.com/file/d/1KRVWvoC0hEH5lvR8WSjsLObxjdeqoymd/view?usp=sharing
CB.EN.U4CSE17447,DS,https://drive.google.com/file/d/1io_QITEBVptttpp2_ldglI5Ks6JG-oWc/view?usp=sharing,HTML,https://drive.google.com/file/d/1znl3LrgwtZgD43_xCx9JtLmmHrS4QcR1/view?usp=sharing,Load Balancers,https://drive.google.com/file/d/1_uU-ukXnwnEZjnMDe8zc_BxWi2YAE15i/view?usp=sharing,Firewalls,https://drive.google.com/file/d/1j2-bPEEXHTpp2XCePdN10uhl-hbI5vdD/view?usp=sharing,Networks,https://drive.google.com/file/d/1KRVWvoC0hEH5lvR8WSjsLObxjdeqoymd/view?usp=sharing
CB.EN.U4CSE17448,DS,https://drive.google.com/file/d/1io_QITEBVptttpp2_ldglI5Ks6JG-oWc/view?usp=sharing,HTML,https://drive.google.com/file/d/1znl3LrgwtZgD43_xCx9JtLmmHrS4QcR1/view?usp=sharing,Load Balancers,https://drive.google.com/file/d/1_uU-ukXnwnEZjnMDe8zc_BxWi2YAE15i/view?usp=sharing,Firewalls,https://drive.google.com/file/d/1j2-bPEEXHTpp2XCePdN10uhl-hbI5vdD/view?usp=sharing,Networks,https://drive.google.com/file/d/1KRVWvoC0hEH5lvR8WSjsLObxjdeqoymd/view?usp=sharing
CB.EN.U4CSE17449,DS,https://drive.google.com/file/d/1io_QITEBVptttpp2_ldglI5Ks6JG-oWc/view?usp=sharing,HTML,https://drive.google.com/file/d/1znl3LrgwtZgD43_xCx9JtLmmHrS4QcR1/view?usp=sharing,Load Balancers,https://drive.google.com/file/d/1_uU-ukXnwnEZjnMDe8zc_BxWi2YAE15i/view?usp=sharing,Firewalls,https://drive.google.com/file/d/1j2-bPEEXHTpp2XCePdN10uhl-hbI5vdD/view?usp=sharing,Networks,https://drive.google.com/file/d/1KRVWvoC0hEH5lvR8WSjsLObxjdeqoymd/view?usp=sharing
CB.EN.U4CSE17450,DS,https://drive.google.com/file/d/1io_QITEBVptttpp2_ldglI5Ks6JG-oWc/view?usp=sharing,HTML,https://drive.google.com/file/d/1znl3LrgwtZgD43_xCx9JtLmmHrS4QcR1/view?usp=sharing,Load Balancers,https://drive.google.com/file/d/1_uU-ukXnwnEZjnMDe8zc_BxWi2YAE15i/view?usp=sharing,Firewalls,https://drive.google.com/file/d/1j2-bPEEXHTpp2XCePdN10uhl-hbI5vdD/view?usp=sharing,Networks,https://drive.google.com/file/d/1KRVWvoC0hEH5lvR8WSjsLObxjdeqoymd/view?usp=sharing
CB.EN.U4CSE17451,DS,https://drive.google.com/file/d/1io_QITEBVptttpp2_ldglI5Ks6JG-oWc/view?usp=sharing,HTML,https://drive.google.com/file/d/1znl3LrgwtZgD43_xCx9JtLmmHrS4QcR1/view?usp=sharing,Load Balancers,https://drive.google.com/file/d/1_uU-ukXnwnEZjnMDe8zc_BxWi2YAE15i/view?usp=sharing,Firewalls,https://drive.google.com/file/d/1j2-bPEEXHTpp2XCePdN10uhl-hbI5vdD/view?usp=sharing,Networks,https://drive.google.com/file/d/1KRVWvoC0hEH5lvR8WSjsLObxjdeqoymd/view?usp=sharing
CB.EN.U4CSE17452,DS,https://drive.google.com/file/d/1io_QITEBVptttpp2_ldglI5Ks6JG-oWc/view?usp=sharing,HTML,https://drive.google.com/file/d/1znl3LrgwtZgD43_xCx9JtLmmHrS4QcR1/view?usp=sharing,Load Balancers,https://drive.google.com/file/d/1_uU-ukXnwnEZjnMDe8zc_BxWi2YAE15i/view?usp=sharing,Firewalls,https://drive.google.com/file/d/1j2-bPEEXHTpp2XCePdN10uhl-hbI5vdD/view?usp=sharing,Networks,https://drive.google.com/file/d/1KRVWvoC0hEH5lvR8WSjsLObxjdeqoymd/view?usp=sharing
CB.EN.U4CSE17453,DS,https://drive.google.com/file/d/1io_QITEBVptttpp2_ldglI5Ks6JG-oWc/view?usp=sharing,HTML,https://drive.google.com/file/d/1znl3LrgwtZgD43_xCx9JtLmmHrS4QcR1/view?usp=sharing,Load Balancers,https://drive.google.com/file/d/1_uU-ukXnwnEZjnMDe8zc_BxWi2YAE15i/view?usp=sharing,Firewalls,https://drive.google.com/file/d/1j2-bPEEXHTpp2XCePdN10uhl-hbI5vdD/view?usp=sharing,Networks,https://drive.google.com/file/d/1KRVWvoC0hEH5lvR8WSjsLObxjdeqoymd/view?usp=sharing
CB.EN.U4CSE17454,DS,https://drive.google.com/file/d/1io_QITEBVptttpp2_ldglI5Ks6JG-oWc/view?usp=sharing,HTML,https://drive.google.com/file/d/1znl3LrgwtZgD43_xCx9JtLmmHrS4QcR1/view?usp=sharing,Load Balancers,https://drive.google.com/file/d/1_uU-ukXnwnEZjnMDe8zc_BxWi2YAE15i/view?usp=sharing,Firewalls,https://drive.google.com/file/d/1j2-bPEEXHTpp2XCePdN10uhl-hbI5vdD/view?usp=sharing,Networks,https://drive.google.com/file/d/1KRVWvoC0hEH5lvR8WSjsLObxjdeqoymd/view?usp=sharing
CB.EN.U4CSE17455,DS,https://drive.google.com/file/d/1io_QITEBVptttpp2_ldglI5Ks6JG-oWc/view?usp=sharing,HTML,https://drive.google.com/file/d/1znl3LrgwtZgD43_xCx9JtLmmHrS4QcR1/view?usp=sharing,Load Balancers,https://drive.google.com/file/d/1_uU-ukXnwnEZjnMDe8zc_BxWi2YAE15i/view?usp=sharing,Firewalls,https://drive.google.com/file/d/1j2-bPEEXHTpp2XCePdN10uhl-hbI5vdD/view?usp=sharing,Networks,https://drive.google.com/file/d/1KRVWvoC0hEH5lvR8WSjsLObxjdeqoymd/view?usp=sharing
CB.EN.U4CSE17456,DS,https://drive.google.com/file/d/1io_QITEBVptttpp2_ldglI5Ks6JG-oWc/view?usp=sharing,HTML,https://drive.google.com/file/d/1znl3LrgwtZgD43_xCx9JtLmmHrS4QcR1/view?usp=sharing,Load Balancers,https://drive.google.com/file/d/1_uU-ukXnwnEZjnMDe8zc_BxWi2YAE15i/view?usp=sharing,Firewalls,https://drive.google.com/file/d/1j2-bPEEXHTpp2XCePdN10uhl-hbI5vdD/view?usp=sharing,Networks,https://drive.google.com/file/d/1KRVWvoC0hEH5lvR8WSjsLObxjdeqoymd/view?usp=sharing
CB.EN.U4CSE17457,DS,https://drive.google.com/file/d/1io_QITEBVptttpp2_ldglI5Ks6JG-oWc/view?usp=sharing,HTML,https://drive.google.com/file/d/1znl3LrgwtZgD43_xCx9JtLmmHrS4QcR1/view?usp=sharing,Load Balancers,https://drive.google.com/file/d/1_uU-ukXnwnEZjnMDe8zc_BxWi2YAE15i/view?usp=sharing,Firewalls,https://drive.google.com/file/d/1j2-bPEEXHTpp2XCePdN10uhl-hbI5vdD/view?usp=sharing,Networks,https://drive.google.com/file/d/1KRVWvoC0hEH5lvR8WSjsLObxjdeqoymd/view?usp=sharing
CB.EN.U4CSE17458,DS,https://drive.google.com/file/d/1io_QITEBVptttpp2_ldglI5Ks6JG-oWc/view?usp=sharing,HTML,https://drive.google.com/file/d/1znl3LrgwtZgD43_xCx9JtLmmHrS4QcR1/view?usp=sharing,Load Balancers,https://drive.google.com/file/d/1_uU-ukXnwnEZjnMDe8zc_BxWi2YAE15i/view?usp=sharing,Firewalls,https://drive.google.com/file/d/1j2-bPEEXHTpp2XCePdN10uhl-hbI5vdD/view?usp=sharing,Networks,https://drive.google.com/file/d/1KRVWvoC0hEH5lvR8WSjsLObxjdeqoymd/view?usp=sharing
CB.EN.U4CSE17459,DS,https://drive.google.com/file/d/1io_QITEBVptttpp2_ldglI5Ks6JG-oWc/view?usp=sharing,HTML,https://drive.google.com/file/d/1znl3LrgwtZgD43_xCx9JtLmmHrS4QcR1/view?usp=sharing,Load Balancers,https://drive.google.com/file/d/1_uU-ukXnwnEZjnMDe8zc_BxWi2YAE15i/view?usp=sharing,Firewalls,https://drive.google.com/file/d/1j2-bPEEXHTpp2XCePdN10uhl-hbI5vdD/view?usp=sharing,Networks,https://drive.google.com/file/d/1KRVWvoC0hEH5lvR8WSjsLObxjdeqoymd/view?usp=sharing
CB.EN.U4CSE17460,DS,https://drive.google.com/file/d/1io_QITEBVptttpp2_ldglI5Ks6JG-oWc/view?usp=sharing,HTML,https://drive.google.com/file/d/1znl3LrgwtZgD43_xCx9JtLmmHrS4QcR1/view?usp=sharing,Load Balancers,https://drive.google.com/file/d/1_uU-ukXnwnEZjnMDe8zc_BxWi2YAE15i/view?usp=sharing,Firewalls,https://drive.google.com/file/d/1j2-bPEEXHTpp2XCePdN10uhl-hbI5vdD/view?usp=sharing,Networks,https://drive.google.com/file/d/1KRVWvoC0hEH5lvR8WSjsLObxjdeqoymd/view?usp=sharing
CB.EN.U4CSE17461,DS,https://drive.google.com/file/d/1io_QITEBVptttpp2_ldglI5Ks6JG-oWc/view?usp=sharing,HTML,https://drive.google.com/file/d/1znl3LrgwtZgD43_xCx9JtLmmHrS4QcR1/view?usp=sharing,Load Balancers,https://drive.google.com/file/d/1_uU-ukXnwnEZjnMDe8zc_BxWi2YAE15i/view?usp=sharing,Firewalls,https://drive.google.com/file/d/1j2-bPEEXHTpp2XCePdN10uhl-hbI5vdD/view?usp=sharing,Networks,https://drive.google.com/file/d/1KRVWvoC0hEH5lvR8WSjsLObxjdeqoymd/view?usp=sharing
CB.EN.U4CSE17462,DS,https://drive.google.com/file/d/1io_QITEBVptttpp2_ldglI5Ks6JG-oWc/view?usp=sharing,HTML,https://drive.google.com/file/d/1znl3LrgwtZgD43_xCx9JtLmmHrS4QcR1/view?usp=sharing,Load Balancers,https://drive.google.com/file/d/1_uU-ukXnwnEZjnMDe8zc_BxWi2YAE15i/view?usp=sharing,Firewalls,https://drive.google.com/file/d/1j2-bPEEXHTpp2XCePdN10uhl-hbI5vdD/view?usp=sharing,Networks,https://drive.google.com/file/d/1KRVWvoC0hEH5lvR8WSjsLObxjdeqoymd/view?usp=sharing
CB.EN.U4CSE17463,DS,https://drive.google.com/file/d/1io_QITEBVptttpp2_ldglI5Ks6JG-oWc/view?usp=sharing,HTML,https://drive.google.com/file/d/1znl3LrgwtZgD43_xCx9JtLmmHrS4QcR1/view?usp=sharing,Load Balancers,https://drive.google.com/file/d/1_uU-ukXnwnEZjnMDe8zc_BxWi2YAE15i/view?usp=sharing,Firewalls,https://drive.google.com/file/d/1j2-bPEEXHTpp2XCePdN10uhl-hbI5vdD/view?usp=sharing,Networks,https://drive.google.com/file/d/1KRVWvoC0hEH5lvR8WSjsLObxjdeqoymd/view?usp=sharing
CB.EN.U4CSE17464,DS,https://drive.google.com/file/d/1io_QITEBVptttpp2_ldglI5Ks6JG-oWc/view?usp=sharing,HTML,https://drive.google.com/file/d/1znl3LrgwtZgD43_xCx9JtLmmHrS4QcR1/view?usp=sharing,Load Balancers,https://drive.google.com/file/d/1_uU-ukXnwnEZjnMDe8zc_BxWi2YAE15i/view?usp=sharing,Firewalls,https://drive.google.com/file/d/1j2-bPEEXHTpp2XCePdN10uhl-hbI5vdD/view?usp=sharing,Networks,https://drive.google.com/file/d/1KRVWvoC0hEH5lvR8WSjsLObxjdeqoymd/view?usp=sharing
CB.EN.U4CSE17465,DS,https://drive.google.com/file/d/1io_QITEBVptttpp2_ldglI5Ks6JG-oWc/view?usp=sharing,HTML,https://drive.google.com/file/d/1znl3LrgwtZgD43_xCx9JtLmmHrS4QcR1/view?usp=sharing,Load Balancers,https://drive.google.com/file/d/1_uU-ukXnwnEZjnMDe8zc_BxWi2YAE15i/view?usp=sharing,Firewalls,https://drive.google.com/file/d/1j2-bPEEXHTpp2XCePdN10uhl-hbI5vdD/view?usp=sharing,Networks,https://drive.google.com/file/d/1KRVWvoC0hEH5lvR8WSjsLObxjdeqoymd/view?usp=sharing
CB.EN.U4CSE17466,DS,https://drive.google.com/file/d/1io_QITEBVptttpp2_ldglI5Ks6JG-oWc/view?usp=sharing,HTML,https://drive.google.com/file/d/1znl3LrgwtZgD43_xCx9JtLmmHrS4QcR1/view?usp=sharing,Load Balancers,https://drive.google.com/file/d/1_uU-ukXnwnEZjnMDe8zc_BxWi2YAE15i/view?usp=sharing,Firewalls,https://drive.google.com/file/d/1j2-bPEEXHTpp2XCePdN10uhl-hbI5vdD/view?usp=sharing,Networks,https://drive.google.com/file/d/1KRVWvoC0hEH5lvR8WSjsLObxjdeqoymd/view?usp=sharing
CB.EN.U4CSE17467,DS,https://drive.google.com/file/d/1io_QITEBVptttpp2_ldglI5Ks6JG-oWc/view?usp=sharing,HTML,https://drive.google.com/file/d/1znl3LrgwtZgD43_xCx9JtLmmHrS4QcR1/view?usp=sharing,Load Balancers,https://drive.google.com/file/d/1_uU-ukXnwnEZjnMDe8zc_BxWi2YAE15i/view?usp=sharing,Firewalls,https://drive.google.com/file/d/1j2-bPEEXHTpp2XCePdN10uhl-hbI5vdD/view?usp=sharing,Networks,https://drive.google.com/file/d/1KRVWvoC0hEH5lvR8WSjsLObxjdeqoymd/view?usp=sharing
CB.EN.U4CSE17468,DS,https://drive.google.com/file/d/1io_QITEBVptttpp2_ldglI5Ks6JG-oWc/view?usp=sharing,HTML,https://drive.google.com/file/d/1znl3LrgwtZgD43_xCx9JtLmmHrS4QcR1/view?usp=sharing,Load Balancers,https://drive.google.com/file/d/1_uU-ukXnwnEZjnMDe8zc_BxWi2YAE15i/view?usp=sharing,Firewalls,https://drive.google.com/file/d/1j2-bPEEXHTpp2XCePdN10uhl-hbI5vdD/view?usp=sharing,Networks,https://drive.google.com/file/d/1KRVWvoC0hEH5lvR8WSjsLObxjdeqoymd/view?usp=sharing
CB.EN.U4CSE17469,DS,https://drive.google.com/file/d/1io_QITEBVptttpp2_ldglI5Ks6JG-oWc/view?usp=sharing,HTML,https://drive.google.com/file/d/1znl3LrgwtZgD43_xCx9JtLmmHrS4QcR1/view?usp=sharing,Load Balancers,https://drive.google.com/file/d/1_uU-ukXnwnEZjnMDe8zc_BxWi2YAE15i/view?usp=sharing,Firewalls,https://drive.google.com/file/d/1j2-bPEEXHTpp2XCePdN10uhl-hbI5vdD/view?usp=sharing,Networks,https://drive.google.com/file/d/1KRVWvoC0hEH5lvR8WSjsLObxjdeqoymd/view?usp=sharing
CB.EN.U4CSE17470,DS,https://drive.google.com/file/d/1io_QITEBVptttpp2_ldglI5Ks6JG-oWc/view?usp=sharing,HTML,https://drive.google.com/file/d/1znl3LrgwtZgD43_xCx9JtLmmHrS4QcR1/view?usp=sharing,Load Balancers,https://drive.google.com/file/d/1_uU-ukXnwnEZjnMDe8zc_BxWi2YAE15i/view?usp=sharing,Firewalls,https://drive.google.com/file/d/1j2-bPEEXHTpp2XCePdN10uhl-hbI5vdD/view?usp=sharing,Networks,https://drive.google.com/file/d/1KRVWvoC0hEH5lvR8WSjsLObxjdeqoymd/view?usp=sharing
