user_id,user_name,mob,email,resume_link,dob,isAdmin,gender,pwd
admin,admin,9445147911,arjun.prs@gmail.com,https://docs.google.com/document/d/16FaBtLR1Ena4AdPUfJ0PO9U_-UHshnKhB-GK2Dn8cQo/edit?usp=sharing,8111999,1,M,admin
CB.EN.U4CSE17401,Arjun R,9445147912,arjun.prs@gmail.com,https://docs.google.com/document/d/16FaBtLR1Ena4AdPUfJ0PO9U_-UHshnKhB-GK2Dn8cQo/edit?usp=sharing,8112000,0,M,admin
CB.EN.U4CSE17402,Arjun R,9445147913,arjun.prs@gmail.com,https://docs.google.com/document/d/16FaBtLR1Ena4AdPUfJ0PO9U_-UHshnKhB-GK2Dn8cQo/edit?usp=sharing,8112000,0,M,admin
CB.EN.U4CSE17403,Arjun R,9445147914,arjun.prs@gmail.com,https://docs.google.com/document/d/16FaBtLR1Ena4AdPUfJ0PO9U_-UHshnKhB-GK2Dn8cQo/edit?usp=sharing,8112000,0,M,admin
CB.EN.U4CSE17404,Arjun R,9445147915,arjun.prs@gmail.com,https://docs.google.com/document/d/16FaBtLR1Ena4AdPUfJ0PO9U_-UHshnKhB-GK2Dn8cQo/edit?usp=sharing,8112000,0,M,admin
CB.EN.U4CSE17405,Arjun R,9445147916,arjun.prs@gmail.com,https://docs.google.com/document/d/16FaBtLR1Ena4AdPUfJ0PO9U_-UHshnKhB-GK2Dn8cQo/edit?usp=sharing,8112000,0,M,admin
CB.EN.U4CSE17406,Arjun R,9445147917,arjun.prs@gmail.com,https://docs.google.com/document/d/16FaBtLR1Ena4AdPUfJ0PO9U_-UHshnKhB-GK2Dn8cQo/edit?usp=sharing,8112000,0,M,admin
CB.EN.U4CSE17407,Arjun R,9445147918,arjun.prs@gmail.com,https://docs.google.com/document/d/16FaBtLR1Ena4AdPUfJ0PO9U_-UHshnKhB-GK2Dn8cQo/edit?usp=sharing,8112000,0,M,admin
CB.EN.U4CSE17408,Arjun R,9445147919,arjun.prs@gmail.com,https://docs.google.com/document/d/16FaBtLR1Ena4AdPUfJ0PO9U_-UHshnKhB-GK2Dn8cQo/edit?usp=sharing,8112000,0,M,admin
CB.EN.U4CSE17409,Arjun R,9445147920,arjun.prs@gmail.com,https://docs.google.com/document/d/16FaBtLR1Ena4AdPUfJ0PO9U_-UHshnKhB-GK2Dn8cQo/edit?usp=sharing,8112000,0,M,admin
CB.EN.U4CSE17410,Arjun R,9445147921,arjun.prs@gmail.com,https://docs.google.com/document/d/16FaBtLR1Ena4AdPUfJ0PO9U_-UHshnKhB-GK2Dn8cQo/edit?usp=sharing,8112000,0,M,admin
CB.EN.U4CSE17411,Arjun R,9445147922,arjun.prs@gmail.com,https://docs.google.com/document/d/16FaBtLR1Ena4AdPUfJ0PO9U_-UHshnKhB-GK2Dn8cQo/edit?usp=sharing,8112000,0,M,admin
CB.EN.U4CSE17412,Arjun R,9445147923,arjun.prs@gmail.com,https://docs.google.com/document/d/16FaBtLR1Ena4AdPUfJ0PO9U_-UHshnKhB-GK2Dn8cQo/edit?usp=sharing,8112000,0,M,admin
CB.EN.U4CSE17413,Arjun R,9445147924,arjun.prs@gmail.com,https://docs.google.com/document/d/16FaBtLR1Ena4AdPUfJ0PO9U_-UHshnKhB-GK2Dn8cQo/edit?usp=sharing,8112000,0,M,admin
CB.EN.U4CSE17414,Arjun R,9445147925,arjun.prs@gmail.com,https://docs.google.com/document/d/16FaBtLR1Ena4AdPUfJ0PO9U_-UHshnKhB-GK2Dn8cQo/edit?usp=sharing,8112000,0,M,admin
CB.EN.U4CSE17415,Arjun R,9445147926,arjun.prs@gmail.com,https://docs.google.com/document/d/16FaBtLR1Ena4AdPUfJ0PO9U_-UHshnKhB-GK2Dn8cQo/edit?usp=sharing,8112000,0,M,admin
CB.EN.U4CSE17416,Arjun R,9445147927,arjun.prs@gmail.com,https://docs.google.com/document/d/16FaBtLR1Ena4AdPUfJ0PO9U_-UHshnKhB-GK2Dn8cQo/edit?usp=sharing,8112000,0,M,admin
CB.EN.U4CSE17417,Arjun R,9445147928,arjun.prs@gmail.com,https://docs.google.com/document/d/16FaBtLR1Ena4AdPUfJ0PO9U_-UHshnKhB-GK2Dn8cQo/edit?usp=sharing,8112000,0,M,admin
CB.EN.U4CSE17418,Arjun R,9445147929,arjun.prs@gmail.com,https://docs.google.com/document/d/16FaBtLR1Ena4AdPUfJ0PO9U_-UHshnKhB-GK2Dn8cQo/edit?usp=sharing,8112000,0,M,admin
CB.EN.U4CSE17419,Arjun R,9445147930,arjun.prs@gmail.com,https://docs.google.com/document/d/16FaBtLR1Ena4AdPUfJ0PO9U_-UHshnKhB-GK2Dn8cQo/edit?usp=sharing,8112000,0,M,admin
CB.EN.U4CSE17420,Arjun R,9445147931,arjun.prs@gmail.com,https://docs.google.com/document/d/16FaBtLR1Ena4AdPUfJ0PO9U_-UHshnKhB-GK2Dn8cQo/edit?usp=sharing,8112000,0,M,admin
CB.EN.U4CSE17421,Arjun R,9445147932,arjun.prs@gmail.com,https://docs.google.com/document/d/16FaBtLR1Ena4AdPUfJ0PO9U_-UHshnKhB-GK2Dn8cQo/edit?usp=sharing,8112000,0,M,admin
CB.EN.U4CSE17422,Arjun R,9445147933,arjun.prs@gmail.com,https://docs.google.com/document/d/16FaBtLR1Ena4AdPUfJ0PO9U_-UHshnKhB-GK2Dn8cQo/edit?usp=sharing,8112000,0,M,admin
CB.EN.U4CSE17423,Arjun R,9445147934,arjun.prs@gmail.com,https://docs.google.com/document/d/16FaBtLR1Ena4AdPUfJ0PO9U_-UHshnKhB-GK2Dn8cQo/edit?usp=sharing,8112000,0,M,admin
CB.EN.U4CSE17424,Arjun R,9445147935,arjun.prs@gmail.com,https://docs.google.com/document/d/16FaBtLR1Ena4AdPUfJ0PO9U_-UHshnKhB-GK2Dn8cQo/edit?usp=sharing,8112000,0,M,admin
CB.EN.U4CSE17425,Arjun R,9445147936,arjun.prs@gmail.com,https://docs.google.com/document/d/16FaBtLR1Ena4AdPUfJ0PO9U_-UHshnKhB-GK2Dn8cQo/edit?usp=sharing,8112000,0,M,admin
CB.EN.U4CSE17426,Arjun R,9445147937,arjun.prs@gmail.com,https://docs.google.com/document/d/16FaBtLR1Ena4AdPUfJ0PO9U_-UHshnKhB-GK2Dn8cQo/edit?usp=sharing,8112000,0,M,admin
CB.EN.U4CSE17427,Arjun R,9445147938,arjun.prs@gmail.com,https://docs.google.com/document/d/16FaBtLR1Ena4AdPUfJ0PO9U_-UHshnKhB-GK2Dn8cQo/edit?usp=sharing,8112000,0,M,admin
CB.EN.U4CSE17428,Arjun R,9445147939,arjun.prs@gmail.com,https://docs.google.com/document/d/16FaBtLR1Ena4AdPUfJ0PO9U_-UHshnKhB-GK2Dn8cQo/edit?usp=sharing,8112000,0,M,admin
CB.EN.U4CSE17429,Arjun R,9445147940,arjun.prs@gmail.com,https://docs.google.com/document/d/16FaBtLR1Ena4AdPUfJ0PO9U_-UHshnKhB-GK2Dn8cQo/edit?usp=sharing,8112000,0,M,admin
CB.EN.U4CSE17430,Arjun R,9445147941,arjun.prs@gmail.com,https://docs.google.com/document/d/16FaBtLR1Ena4AdPUfJ0PO9U_-UHshnKhB-GK2Dn8cQo/edit?usp=sharing,8112000,0,M,admin
CB.EN.U4CSE17431,Arjun R,9445147942,arjun.prs@gmail.com,https://docs.google.com/document/d/16FaBtLR1Ena4AdPUfJ0PO9U_-UHshnKhB-GK2Dn8cQo/edit?usp=sharing,8112000,0,M,admin
CB.EN.U4CSE17432,Arjun R,9445147943,arjun.prs@gmail.com,https://docs.google.com/document/d/16FaBtLR1Ena4AdPUfJ0PO9U_-UHshnKhB-GK2Dn8cQo/edit?usp=sharing,8112000,0,M,admin
CB.EN.U4CSE17433,Arjun R,9445147944,arjun.prs@gmail.com,https://docs.google.com/document/d/16FaBtLR1Ena4AdPUfJ0PO9U_-UHshnKhB-GK2Dn8cQo/edit?usp=sharing,8112000,0,M,admin
CB.EN.U4CSE17434,Arjun R,9445147945,arjun.prs@gmail.com,https://docs.google.com/document/d/16FaBtLR1Ena4AdPUfJ0PO9U_-UHshnKhB-GK2Dn8cQo/edit?usp=sharing,8112000,0,M,admin
CB.EN.U4CSE17435,Arjun R,9445147946,arjun.prs@gmail.com,https://docs.google.com/document/d/16FaBtLR1Ena4AdPUfJ0PO9U_-UHshnKhB-GK2Dn8cQo/edit?usp=sharing,8112000,0,M,admin
CB.EN.U4CSE17436,Arjun R,9445147947,arjun.prs@gmail.com,https://docs.google.com/document/d/16FaBtLR1Ena4AdPUfJ0PO9U_-UHshnKhB-GK2Dn8cQo/edit?usp=sharing,8112000,0,M,admin
CB.EN.U4CSE17437,Arjun R,9445147948,arjun.prs@gmail.com,https://docs.google.com/document/d/16FaBtLR1Ena4AdPUfJ0PO9U_-UHshnKhB-GK2Dn8cQo/edit?usp=sharing,8112000,0,M,admin
CB.EN.U4CSE17438,Arjun R,9445147949,arjun.prs@gmail.com,https://docs.google.com/document/d/16FaBtLR1Ena4AdPUfJ0PO9U_-UHshnKhB-GK2Dn8cQo/edit?usp=sharing,8112000,0,M,admin
CB.EN.U4CSE17439,Arjun R,9445147950,arjun.prs@gmail.com,https://docs.google.com/document/d/16FaBtLR1Ena4AdPUfJ0PO9U_-UHshnKhB-GK2Dn8cQo/edit?usp=sharing,8112000,0,M,admin
CB.EN.U4CSE17440,Arjun R,9445147951,arjun.prs@gmail.com,https://docs.google.com/document/d/16FaBtLR1Ena4AdPUfJ0PO9U_-UHshnKhB-GK2Dn8cQo/edit?usp=sharing,8112000,0,M,admin
CB.EN.U4CSE17441,Arjun R,9445147952,arjun.prs@gmail.com,https://docs.google.com/document/d/16FaBtLR1Ena4AdPUfJ0PO9U_-UHshnKhB-GK2Dn8cQo/edit?usp=sharing,8112000,0,M,admin
CB.EN.U4CSE17442,Arjun R,9445147953,arjun.prs@gmail.com,https://docs.google.com/document/d/16FaBtLR1Ena4AdPUfJ0PO9U_-UHshnKhB-GK2Dn8cQo/edit?usp=sharing,8112000,0,M,admin
CB.EN.U4CSE17443,Arjun R,9445147954,arjun.prs@gmail.com,https://docs.google.com/document/d/16FaBtLR1Ena4AdPUfJ0PO9U_-UHshnKhB-GK2Dn8cQo/edit?usp=sharing,8112000,0,M,admin
CB.EN.U4CSE17444,Arjun R,9445147955,arjun.prs@gmail.com,https://docs.google.com/document/d/16FaBtLR1Ena4AdPUfJ0PO9U_-UHshnKhB-GK2Dn8cQo/edit?usp=sharing,8112000,0,M,admin
CB.EN.U4CSE17445,Arjun R,9445147956,arjun.prs@gmail.com,https://docs.google.com/document/d/16FaBtLR1Ena4AdPUfJ0PO9U_-UHshnKhB-GK2Dn8cQo/edit?usp=sharing,8112000,0,M,admin
CB.EN.U4CSE17446,Arjun R,9445147957,arjun.prs@gmail.com,https://docs.google.com/document/d/16FaBtLR1Ena4AdPUfJ0PO9U_-UHshnKhB-GK2Dn8cQo/edit?usp=sharing,8112000,0,M,admin
CB.EN.U4CSE17447,Arjun R,9445147958,arjun.prs@gmail.com,https://docs.google.com/document/d/16FaBtLR1Ena4AdPUfJ0PO9U_-UHshnKhB-GK2Dn8cQo/edit?usp=sharing,8112000,0,M,admin
CB.EN.U4CSE17448,Arjun R,9445147959,arjun.prs@gmail.com,https://docs.google.com/document/d/16FaBtLR1Ena4AdPUfJ0PO9U_-UHshnKhB-GK2Dn8cQo/edit?usp=sharing,8112000,0,M,admin
CB.EN.U4CSE17449,Arjun R,9445147960,arjun.prs@gmail.com,https://docs.google.com/document/d/16FaBtLR1Ena4AdPUfJ0PO9U_-UHshnKhB-GK2Dn8cQo/edit?usp=sharing,8112000,0,M,admin
CB.EN.U4CSE17450,Arjun R,9445147961,arjun.prs@gmail.com,https://docs.google.com/document/d/16FaBtLR1Ena4AdPUfJ0PO9U_-UHshnKhB-GK2Dn8cQo/edit?usp=sharing,8112000,0,M,admin
CB.EN.U4CSE17451,Arjun R,9445147962,arjun.prs@gmail.com,https://docs.google.com/document/d/16FaBtLR1Ena4AdPUfJ0PO9U_-UHshnKhB-GK2Dn8cQo/edit?usp=sharing,8112000,0,M,admin
CB.EN.U4CSE17452,Arjun R,9445147963,arjun.prs@gmail.com,https://docs.google.com/document/d/16FaBtLR1Ena4AdPUfJ0PO9U_-UHshnKhB-GK2Dn8cQo/edit?usp=sharing,8112000,0,M,admin
CB.EN.U4CSE17453,Arjun R,9445147964,arjun.prs@gmail.com,https://docs.google.com/document/d/16FaBtLR1Ena4AdPUfJ0PO9U_-UHshnKhB-GK2Dn8cQo/edit?usp=sharing,8112000,0,M,admin
CB.EN.U4CSE17454,Arjun R,9445147965,arjun.prs@gmail.com,https://docs.google.com/document/d/16FaBtLR1Ena4AdPUfJ0PO9U_-UHshnKhB-GK2Dn8cQo/edit?usp=sharing,8112000,0,M,admin
CB.EN.U4CSE17455,Arjun R,9445147966,arjun.prs@gmail.com,https://docs.google.com/document/d/16FaBtLR1Ena4AdPUfJ0PO9U_-UHshnKhB-GK2Dn8cQo/edit?usp=sharing,8112000,0,M,admin
CB.EN.U4CSE17456,Arjun R,9445147967,arjun.prs@gmail.com,https://docs.google.com/document/d/16FaBtLR1Ena4AdPUfJ0PO9U_-UHshnKhB-GK2Dn8cQo/edit?usp=sharing,8112000,0,M,admin
CB.EN.U4CSE17457,Arjun R,9445147968,arjun.prs@gmail.com,https://docs.google.com/document/d/16FaBtLR1Ena4AdPUfJ0PO9U_-UHshnKhB-GK2Dn8cQo/edit?usp=sharing,8112000,0,M,admin
CB.EN.U4CSE17458,Arjun R,9445147969,arjun.prs@gmail.com,https://docs.google.com/document/d/16FaBtLR1Ena4AdPUfJ0PO9U_-UHshnKhB-GK2Dn8cQo/edit?usp=sharing,8112000,0,M,admin
CB.EN.U4CSE17459,Arjun R,9445147970,arjun.prs@gmail.com,https://docs.google.com/document/d/16FaBtLR1Ena4AdPUfJ0PO9U_-UHshnKhB-GK2Dn8cQo/edit?usp=sharing,8112000,0,M,admin
CB.EN.U4CSE17460,Arjun R,9445147971,arjun.prs@gmail.com,https://docs.google.com/document/d/16FaBtLR1Ena4AdPUfJ0PO9U_-UHshnKhB-GK2Dn8cQo/edit?usp=sharing,8112000,0,M,admin
CB.EN.U4CSE17461,Arjun R,9445147972,arjun.prs@gmail.com,https://docs.google.com/document/d/16FaBtLR1Ena4AdPUfJ0PO9U_-UHshnKhB-GK2Dn8cQo/edit?usp=sharing,8112000,0,M,admin
CB.EN.U4CSE17462,Arjun R,9445147973,arjun.prs@gmail.com,https://docs.google.com/document/d/16FaBtLR1Ena4AdPUfJ0PO9U_-UHshnKhB-GK2Dn8cQo/edit?usp=sharing,8112000,0,M,admin
CB.EN.U4CSE17463,Arjun R,9445147974,arjun.prs@gmail.com,https://docs.google.com/document/d/16FaBtLR1Ena4AdPUfJ0PO9U_-UHshnKhB-GK2Dn8cQo/edit?usp=sharing,8112000,0,M,admin
CB.EN.U4CSE17464,Arjun R,9445147975,arjun.prs@gmail.com,https://docs.google.com/document/d/16FaBtLR1Ena4AdPUfJ0PO9U_-UHshnKhB-GK2Dn8cQo/edit?usp=sharing,8112000,0,M,admin
CB.EN.U4CSE17465,Arjun R,9445147976,arjun.prs@gmail.com,https://docs.google.com/document/d/16FaBtLR1Ena4AdPUfJ0PO9U_-UHshnKhB-GK2Dn8cQo/edit?usp=sharing,8112000,0,M,admin
CB.EN.U4CSE17466,Arjun R,9445147977,arjun.prs@gmail.com,https://docs.google.com/document/d/16FaBtLR1Ena4AdPUfJ0PO9U_-UHshnKhB-GK2Dn8cQo/edit?usp=sharing,8112000,0,M,admin
CB.EN.U4CSE17467,Arjun R,9445147978,arjun.prs@gmail.com,https://docs.google.com/document/d/16FaBtLR1Ena4AdPUfJ0PO9U_-UHshnKhB-GK2Dn8cQo/edit?usp=sharing,8112000,0,M,admin
CB.EN.U4CSE17468,Arjun R,9445147979,arjun.prs@gmail.com,https://docs.google.com/document/d/16FaBtLR1Ena4AdPUfJ0PO9U_-UHshnKhB-GK2Dn8cQo/edit?usp=sharing,8112000,0,M,admin
CB.EN.U4CSE17469,Arjun R,9445147980,arjun.prs@gmail.com,https://docs.google.com/document/d/16FaBtLR1Ena4AdPUfJ0PO9U_-UHshnKhB-GK2Dn8cQo/edit?usp=sharing,8112000,0,M,admin
CB.EN.U4CSE17470,Arjun R,9445147981,arjun.prs@gmail.com,https://docs.google.com/document/d/16FaBtLR1Ena4AdPUfJ0PO9U_-UHshnKhB-GK2Dn8cQo/edit?usp=sharing,8112000,0,M,admin
